Episode Title,Weekday,Length,Share,AI,Chart,Broadcast datetime,viewers_in_millions
An Unearthly Child,Sat,00:23:10,,63.0,114,1963-11-23 17:16:00,4.4
An Unearthly Child: The Cave of Skulls,Sat,00:24:37,,59.0,85,1963-11-30 17:29:00,5.9
An Unearthly Child: The Forest of Fear,Sat,00:23:38,,56.0,61,1963-12-07 17:15:00,6.9
An Unearthly Child: The Firemaker,Sat,00:24:23,,55.0,70,1963-12-14 17:15:00,6.4
The Daleks: The Dead Planet,Sat,00:24:22,,59.0,67,1963-12-21 17:15:00,6.9
The Daleks: The Survivors,Sat,00:24:27,,58.0,78,1963-12-28 17:15:00,6.4
The Daleks: The Escape,Sat,00:25:10,,62.0,45,1964-01-04 17:15:00,8.9
The Daleks: The Ambush,Sat,00:24:37,,63.0,29,1964-01-11 17:14:00,9.9
The Daleks: The Expedition,Sat,00:24:31,,63.0,27,1964-01-18 17:15:00,9.9
The Daleks: The Ordeal,Sat,00:26:14,,63.0,29,1964-01-25 17:15:00,10.4
The Daleks: The Rescue,Sat,00:22:24,,65.0,25,1964-02-01 17:17:00,10.4
The Edge of Destruction,Sat,00:25:04,,61.0,21,1964-02-08 17:15:00,10.4
The Edge of Destruction: The Brink of Disaster,Sat,00:22:11,,60.0,31,1964-02-15 17:16:00,9.9
Marco Polo: The Roof of the World,Sat,00:24:12,,63.0,33,1964-02-22 17:15:00,9.4
Marco Polo: The Singing Sands,Sat,00:26:34,,62.0,33,1964-02-29 17:15:00,9.4
Marco Polo: Five Hundred Eyes,Sat,00:22:20,,62.0,34,1964-03-07 17:16:00,9.4
Marco Polo: The Wall of Lies,Sat,00:24:48,,60.0,31,1964-03-14 17:15:00,9.9
Marco Polo: Rider From Shang-Tu,Sat,00:23:26,,59.0,37,1964-03-21 17:16:00,9.4
Marco Polo: Mighty Kublai Khan,Sat,00:25:36,,59.0,49,1964-03-28 17:29:00,8.4
Marco Polo: Assassin at Peking,Sat,00:24:48,,59.0,22,1964-04-04 17:30:00,10.4
The Keys of Marinus: The Sea of Death,Sat,00:23:20,,62.0,22,1964-04-11 17:31:00,9.9
The Keys of Marinus: The Velvet Web,Sat,00:25:37,,60.0,25,1964-04-18 17:31:00,9.4
The Keys of Marinus: The Screaming Jungle,Sat,00:23:45,,61.0,22,1964-04-25 17:29:00,9.9
The Keys of Marinus: The Snows of Terror,Sat,00:24:54,,60.0,20,1964-05-02 17:29:00,10.4
The Keys of Marinus: Sentence of Death,Sat,00:25:03,,61.0,29,1964-05-09 17:14:00,7.9
The Keys of Marinus,Sat,00:25:11,,63.0,43,1964-05-16 17:17:00,6.9
The Aztecs: The Temple of Evil,Sat,00:23:56,,62.0,25,1964-05-23 17:16:00,7.4
The Aztecs: The Warriors of Death,Sat,00:24:11,,62.0,34,1964-05-30 17:16:00,7.4
The Aztecs: The Bride of Sacrifice,Sat,00:25:27,,57.0,19,1964-06-06 17:14:00,7.9
The Aztecs: The Day of Darkness,Sat,00:25:30,,58.0,34,1964-06-13 17:14:00,7.4
The Sensorites: Strangers in Space,Sat,00:24:46,,59.0,17,1964-06-20 17:14:00,7.9
The Sensorites: The Unwilling Warriors,Sat,00:24:44,,59.0,39,1964-06-27 17:40:00,6.9
The Sensorites: Hidden Danger,Sat,00:24:53,,56.0,22,1964-07-11 17:15:00,7.4
The Sensorites: A Race Against Death,Sat,00:24:49,,60.0,58,1964-07-18 17:14:00,5.5
The Sensorites: Kidnap,Sat,00:24:17,,57.0,29,1964-07-25 17:15:00,6.9
The Sensorites: A Desperate Venture,Sat,00:24:29,,57.0,39,1964-08-01 17:14:00,6.9
The Reign Of Terror: A Land of Fear,Sat,00:24:24,,58.0,37,1964-08-08 17:15:00,6.9
The Reign Of Terror: Guests of Madame Guillotine,Sat,00:24:04,,54.0,35,1964-08-15 17:14:00,6.9
The Reign Of Terror: A Change of Identity,Sat,00:25:23,,55.0,34,1964-08-22 17:29:00,6.9
The Reign Of Terror: The Tyrant of France,Sat,00:24:46,,53.0,36,1964-08-29 17:15:00,6.4
The Reign Of Terror: A Bargain of Necessity,Sat,00:23:51,,53.0,39,1964-09-05 17:31:00,6.9
The Reign Of Terror: Prisoners of Conciergerie,Sat,00:25:04,,55.0,38,1964-09-12 17:29:00,6.4
Planet of Giants,Sat,00:23:15,,57.0,37,1964-10-31 17:13:00,8.4
Planet of Giants: Dangerous Journey,Sat,00:23:40,,58.0,45,1964-11-07 17:15:00,8.4
Planet of Giants: Crisis,Sat,00:26:35,,59.0,33,1964-11-14 17:15:00,8.9
The Dalek Invasion of Earth: World's End,Sat,00:23:42,,63.0,12,1964-11-21 17:40:00,11.4
The Dalek Invasion of Earth: The Daleks,Sat,00:24:19,,59.0,10,1964-11-28 17:41:00,12.4
The Dalek Invasion of Earth: Day of Reckoning,Sat,00:26:50,,59.0,10,1964-12-05 17:39:00,11.9
The Dalek Invasion of Earth: The End of Tomorrow,Sat,00:23:23,,59.0,11,1964-12-12 17:40:00,11.9
The Dalek Invasion of Earth: The Waking Ally,Sat,00:24:29,,58.0,18,1964-12-19 17:40:00,11.4
The Dalek Invasion of Earth: Flashpoint,Sat,00:25:21,,60.0,12,1964-12-26 17:58:00,12.4
The Rescue: The Powerful Enemy,Sat,00:26:15,,57.0,11,1965-01-02 17:40:00,12.0
The Rescue: Desperate Measures,Sat,00:24:36,,59.0,8,1965-01-09 17:41:00,13.0
The Romans: The Slave Traders,Sat,00:24:14,,53.0,7,1965-01-16 17:40:00,13.0
The Romans: All Roads Lead to Rome,Sat,00:23:14,,51.0,15,1965-01-23 17:40:00,11.5
The Romans: Conspiracy,Sat,00:26:18,,50.0,28,1965-01-30 17:39:00,10.0
The Romans: Inferno,Sat,00:23:09,,50.0,13,1965-02-06 17:40:00,12.0
The Web Planet,Sat,00:23:57,,56.0,7,1965-02-13 17:40:00,13.5
The Web Planet: The Zarbi,Sat,00:23:20,,53.0,12,1965-02-20 17:40:00,12.5
The Web Planet: Escape to Danger,Sat,00:22:52,,53.0,11,1965-02-27 17:40:00,12.5
The Web Planet: Crater of Needles,Sat,00:25:50,,49.0,9,1965-03-06 17:39:00,13.0
The Web Planet: Invasion,Sat,00:26:04,,48.0,12,1965-03-13 17:40:00,12.0
The Web Planet: The Centre,Sat,00:24:32,,42.0,14,1965-03-20 17:55:00,11.5
The Crusade: The Lion,Sat,00:24:56,,51.0,16,1965-03-27 17:42:00,10.5
The Crusade: The Knight of Jaffa,Sat,00:23:28,,50.0,29,1965-04-03 17:42:00,8.5
The Crusade: The Wheel of Fortune,Sat,00:24:51,,49.0,32,1965-04-10 17:41:00,9.0
The Crusade: The Warlords,Sat,00:23:40,,49.0,27,1965-04-17 17:40:00,9.5
The Space Museum,Sat,00:23:38,,61.0,16,1965-04-24 17:41:00,10.5
The Space Museum: The Dimensions of Time,Sat,00:22:00,,53.0,23,1965-05-01 17:54:00,9.2
The Space Museum: The Search,Sat,00:23:33,,56.0,22,1965-05-08 18:00:00,8.5
The Space Museum: The Final Phase,Sat,00:22:15,,49.0,27,1965-05-15 17:40:00,8.5
The Chase: The Executioners,Sat,00:25:25,,57.0,14,1965-05-22 17:41:00,10.0
The Chase: The Death of Time,Sat,00:23:32,,56.0,12,1965-05-29 17:40:00,9.5
The Chase: Flight Through Eternity,Sat,00:25:32,,55.0,12,1965-06-05 17:46:00,9.0
The Chase: Journey into Terror,Sat,00:23:49,,54.0,8,1965-06-12 17:40:00,9.5
The Chase: The Death of Doctor Who,Sat,00:23:27,,56.0,11,1965-06-19 17:41:00,9.0
The Chase: The Planet of Decision,Sat,00:26:29,,57.0,7,1965-06-26 17:40:00,9.5
The Time Meddler: The Watcher,Sat,00:24:05,,57.0,15,1965-07-03 18:54:00,8.9
The Time Meddler: The Meddling Monk,Sat,00:25:17,,49.0,19,1965-07-10 17:39:00,8.8
The Time Meddler: A Battle of Wits,Sat,00:24:10,,53.0,28,1965-07-17 17:40:00,7.7
The Time Meddler: Checkmate,Sat,00:24:00,,54.0,24,1965-07-24 17:40:00,8.3
Galaxy 4: Four Hundred Dawns,Sat,00:22:21,,56.0,23,1965-09-11 17:41:00,9.0
Galaxy 4: Trap of Steel,Sat,00:24:51,,54.0,22,1965-09-18 17:50:00,9.5
Galaxy 4: Air Lock,Sat,00:24:19,,54.0,13,1965-09-25 17:52:00,11.3
Galaxy 4: The Exploding Planet,Sat,00:24:47,,53.0,20,1965-10-02 17:50:00,9.9
Mission to the Unknown,Sat,00:24:42,,54.0,37,1965-10-09 17:50:00,8.3
The Myth Makers: Temple of Secrets,Sat,00:24:45,,48.0,34,1965-10-16 17:50:00,8.3
"The Myth Makers: Small Prophet, Quick Return",Sat,00:24:43,,51.0,40,1965-10-23 17:49:00,8.1
The Myth Makers: Death of a Spy,Sat,00:25:39,,49.0,33,1965-10-30 17:49:00,8.7
The Myth Makers: Horse of Destruction,Sat,00:24:25,,52.0,38,1965-11-06 17:50:00,8.3
The Daleks' Master Plan: The Nightmare Begins,Sat,00:22:55,,54.0,35,1965-11-13 17:50:00,9.1
The Daleks' Master Plan: Day of Armageddon,Sat,00:24:25,,52.0,31,1965-11-20 17:50:00,9.8
The Daleks' Master Plan: Devil's Planet,Sat,00:24:30,,52.0,29,1965-11-27 17:50:00,10.3
The Daleks' Master Plan: The Traitors,Sat,00:24:42,,51.0,34,1965-12-04 17:50:00,9.5
The Daleks' Master Plan: Counter Plot,Sat,00:24:03,,53.0,26,1965-12-11 17:51:00,9.9
The Daleks' Master Plan: Coronas of the Sun,Sat,00:24:45,,56.0,40,1965-12-18 17:48:00,9.1
The Daleks' Master Plan: The Feast of Steven,Sat,00:24:36,,39.0,71,1965-12-25 18:35:00,7.9
The Daleks' Master Plan: Volcano,Sat,00:24:42,,49.0,31,1966-01-01 17:51:00,9.6
The Daleks' Master Plan: Golden Death,Sat,00:24:38,,52.0,43,1966-01-08 17:50:00,9.2
The Daleks' Master Plan: Escape Switch,Sat,00:23:37,,50.0,37,1966-01-15 17:50:00,9.5
The Daleks' Master Plan: The Abandoned Planet,Sat,00:24:34,,49.0,35,1966-01-22 17:50:00,9.8
The Daleks' Master Plan: The Destruction of Time,Sat,00:23:31,,57.0,39,1966-01-29 17:50:00,8.6
The Massacre: War of God,Sat,00:24:51,,52.0,45,1966-02-05 17:15:00,8.0
The Massacre: The Sea Beggar,Sat,00:24:43,,52.0,96,1966-02-12 17:15:00,6.0
The Massacre: Priest of Death,Sat,00:24:33,,49.0,92,1966-02-19 17:15:00,5.9
The Massacre: Bell of Doom,Sat,00:25:06,,53.0,94,1966-02-26 17:15:00,5.8
The Ark: The Steel Sky,Sat,00:24:00,,55.0,102,1966-03-05 17:15:00,5.5
The Ark: The Plague,Sat,00:25:00,,56.0,70,1966-03-12 17:15:00,6.9
The Ark: The Return,Sat,00:24:19,,51.0,85,1966-03-19 17:15:00,6.2
The Ark: The Bomb,Sat,00:24:37,,50.0,71,1966-03-26 17:15:00,7.3
The Celestial Toymaker: The Celestial Toyroom,Sat,00:24:40,,48.0,44,1966-04-02 17:50:00,8.0
The Celestial Toymaker: The Hall of Dolls,Sat,00:24:45,,49.0,49,1966-04-09 17:50:00,8.0
The Celestial Toymaker: The Dancing Floor,Sat,00:24:10,,44.0,32,1966-04-16 17:49:00,9.4
The Celestial Toymaker: The Final Test,Sat,00:23:57,,43.0,36,1966-04-23 17:50:00,7.8
The Gunfighters: A Holiday for the Doctor,Sat,00:23:48,,45.0,50,1966-04-30 17:50:00,6.5
The Gunfighters: Don't Shoot the Pianist,Sat,00:23:47,,39.0,45,1966-05-07 17:49:00,6.6
The Gunfighters: Johnny Ringo,Sat,00:23:52,,36.0,51,1966-05-14 17:55:00,6.2
The Gunfighters: The O.K. Corral,Sat,00:23:53,,30.0,60,1966-05-21 17:51:00,5.7
The Savages: Episode 1,Sat,00:23:41,,48.0,62,1966-05-28 17:36:00,4.8
The Savages: Episode 2,Sat,00:23:57,,49.0,50,1966-06-04 17:34:00,5.6
The Savages: Episode 3,Sat,00:24:59,,48.0,66,1966-06-11 17:34:00,5.0
The Savages: Episode 4,Sat,00:24:41,,48.0,93,1966-06-18 17:35:00,4.5
The War Machines: Episode 1,Sat,00:24:01,,49.0,71,1966-06-25 17:35:00,5.4
The War Machines: Episode 2,Sat,00:24:00,,45.0,76,1966-07-02 18:56:00,4.7
The War Machines: Episode 3,Sat,00:23:58,,44.0,62,1966-07-09 17:35:00,5.3
The War Machines: Episode 4,Sat,00:23:11,,39.0,67,1966-07-16 17:16:00,5.5
The Smugglers: Episode 1,Sat,00:24:36,,47.0,96,1966-09-10 17:49:00,4.3
The Smugglers: Episode 2,Sat,00:24:27,,45.0,77,1966-09-17 17:54:00,4.9
The Smugglers: Episode 3,Sat,00:23:55,,43.0,96,1966-09-24 17:49:00,4.2
The Smugglers: Episode 4,Sat,00:23:37,,43.0,109,1966-10-01 17:51:00,4.5
The Tenth Planet: Episode 1,Sat,00:23:08,,50.0,77,1966-10-08 17:52:00,5.5
The Tenth Planet: Episode 2,Sat,00:23:15,,48.0,57,1966-10-15 17:50:00,6.4
The Tenth Planet: Episode 3,Sat,00:23:31,,48.0,46,1966-10-22 17:54:00,7.6
The Tenth Planet: Episode 4,Sat,00:24:02,,47.0,48,1966-10-29 17:50:00,7.5
The Power of the Daleks: Episode One,Sat,00:25:43,,43.0,44,1966-11-05 17:49:00,7.9
The Power of the Daleks: Episode Two,Sat,00:24:29,,45.0,50,1966-11-12 17:49:00,7.8
The Power of the Daleks: Episode Three,Sat,00:23:31,,44.0,52,1966-11-19 17:51:00,7.5
The Power of the Daleks: Episode Four,Sat,00:24:23,,47.0,50,1966-11-26 17:49:00,7.8
The Power of the Daleks: Episode Five,Sat,00:23:38,,48.0,48,1966-12-03 17:51:00,8.0
The Power of the Daleks: Episode Six,Sat,00:23:46,,47.0,37,1966-12-10 17:51:00,7.8
The Highlanders: Episode 1,Sat,00:24:38,,47.0,67,1966-12-17 17:48:00,6.7
The Highlanders: Episode 2,Sat,00:23:41,,46.0,89,1966-12-24 17:50:00,6.8
The Highlanders: Episode 3,Sat,00:22:54,,46.0,68,1966-12-31 17:52:00,7.4
The Highlanders: Episode 4,Sat,00:24:19,,47.0,66,1967-01-07 17:50:00,7.3
The Underwater Menace: Episode 1,Sat,00:24:18,,48.0,43,1967-01-14 17:49:00,8.3
The Underwater Menace: Episode 2,Sat,00:25:00,,46.0,64,1967-01-21 17:51:00,7.5
The Underwater Menace: Episode 3,Sat,00:24:09,,45.0,59,1967-01-28 17:51:00,7.1
The Underwater Menace: Episode 4,Sat,00:23:20,,47.0,65,1967-02-04 17:50:00,7.0
The Moonbase: Episode 1,Sat,00:24:12,,50.0,56,1967-02-11 17:50:00,8.1
The Moonbase: Episode 2,Sat,00:24:42,,49.0,36,1967-02-18 17:51:00,8.9
The Moonbase: Episode 3,Sat,00:26:11,,53.0,49,1967-02-25 17:50:00,8.2
The Moonbase: Episode 4,Sat,00:23:28,,58.0,44,1967-03-04 17:51:00,8.1
The Macra Terror: Episode 1,Sat,00:22:58,,50.0,37,1967-03-11 17:51:00,8.0
The Macra Terror: Episode 2,Sat,00:23:21,,48.0,42,1967-03-18 17:51:00,7.9
The Macra Terror: Episode 3,Sat,00:23:24,,52.0,45,1967-03-25 17:51:00,8.5
The Macra Terror: Episode 4,Sat,00:24:41,,49.0,39,1967-04-01 17:50:00,8.4
The Faceless Ones: Episode 1,Sat,00:23:47,,51.0,47,1967-04-08 17:50:00,8.0
The Faceless Ones: Episode 2,Sat,00:25:22,,50.0,70,1967-04-15 17:51:00,6.4
The Faceless Ones: Episode 3,Sat,00:23:10,,53.0,43,1967-04-22 17:50:00,7.9
The Faceless Ones: Episode 4,Sat,00:24:28,,55.0,62,1967-04-29 17:50:00,6.9
The Faceless Ones: Episode 5,Sat,00:23:34,,55.0,39,1967-05-06 17:52:00,7.1
The Faceless Ones: Episode 6,Sat,00:23:38,,52.0,33,1967-05-13 17:50:00,8.0
The Evil of the Daleks: Episode 1,Sat,00:24:07,,51.0,37,1967-05-20 18:00:00,8.1
The Evil of the Daleks: Episode 2,Sat,00:25:13,,51.0,37,1967-05-27 17:50:00,7.5
The Evil of the Daleks: Episode 3,Sat,00:24:27,,52.0,61,1967-06-03 17:44:00,6.1
The Evil of the Daleks: Episode 4,Sat,00:24:43,,51.0,51,1967-06-10 17:45:00,5.3
The Evil of the Daleks: Episode 5,Sat,00:25:23,,53.0,62,1967-06-17 17:44:00,5.1
The Evil of the Daleks: Episode 6,Sat,00:24:48,,49.0,38,1967-06-24 17:45:00,6.8
The Evil of the Daleks: Episode 7,Sat,00:24:33,,56.0,50,1967-07-01 18:24:00,6.1
The Tomb of the Cybermen: Episode 1,Sat,00:23:58,,53.0,57,1967-09-02 17:49:00,6.0
The Tomb of the Cybermen: Episode 2,Sat,00:24:44,,52.0,57,1967-09-09 17:50:00,6.4
The Tomb of the Cybermen: Episode 3,Sat,00:24:14,,49.0,38,1967-09-16 17:50:00,7.2
The Tomb of the Cybermen: Episode 4,Sat,00:23:22,,50.0,34,1967-09-23 17:50:00,7.4
The Abominable Snowmen: Episode One,Sat,00:24:15,,50.0,57,1967-09-30 17:25:00,6.3
The Abominable Snowmen: Episode Two,Sat,00:23:15,,52.0,71,1967-10-07 17:25:00,6.0
The Abominable Snowmen: Episode Three,Sat,00:23:55,,51.0,51,1967-10-14 17:25:00,7.1
The Abominable Snowmen: Episode Four,Sat,00:24:11,,50.0,60,1967-10-21 17:24:00,7.1
The Abominable Snowmen: Episode Five,Sat,00:23:51,,51.0,61,1967-10-28 17:24:00,7.2
The Abominable Snowmen: Episode Six,Sat,00:23:51,,52.0,56,1967-11-04 17:25:00,7.4
The Ice Warriors: One,Sat,00:24:21,,52.0,68,1967-11-11 17:10:00,6.7
The Ice Warriors: Two,Sat,00:24:16,,52.0,71,1967-11-18 17:24:00,7.1
The Ice Warriors: Three,Sat,00:23:58,,51.0,64,1967-11-25 17:25:00,7.4
The Ice Warriors: Four,Sat,00:24:23,,51.0,63,1967-12-02 17:25:00,7.3
The Ice Warriors: Five,Sat,00:24:25,,50.0,44,1967-12-09 17:24:00,8.0
The Ice Warriors: Six,Sat,00:23:58,,51.0,59,1967-12-16 17:24:00,7.5
The Enemy of the World: Episode 1,Sat,00:23:45,,50.0,89,1967-12-23 17:25:00,6.8
The Enemy of the World: Episode 2,Sat,00:23:48,,49.0,75,1967-12-30 17:26:00,7.6
The Enemy of the World: Episode 3,Sat,00:23:05,,48.0,79,1968-01-06 17:25:00,7.1
The Enemy of the World: Episode 4,Sat,00:23:46,,49.0,66,1968-01-13 17:25:00,7.8
The Enemy of the World: Episode 5,Sat,00:24:22,,49.0,73,1968-01-20 17:24:00,6.9
The Enemy of the World: Episode 6,Sat,00:21:41,,52.0,55,1968-01-27 17:26:00,8.3
The Web of Fear: Episode 1,Sat,00:24:53,,54.0,82,1968-02-03 17:24:00,7.2
The Web of Fear: Episode 2,Sat,00:24:38,,53.0,80,1968-02-10 17:14:00,6.8
The Web of Fear: Episode 3,Sat,00:24:34,,51.0,71,1968-02-17 17:25:00,7.0
The Web of Fear: Episode 4,Sat,00:24:50,,53.0,52,1968-02-24 17:24:00,8.4
The Web of Fear: Episode 5,Sat,00:24:19,,55.0,48,1968-03-02 17:24:00,8.0
The Web of Fear: Episode 6,Sat,00:24:41,,55.0,36,1968-03-09 17:24:00,8.3
Fury From the Deep: Episode 1,Sat,00:24:54,,55.0,46,1968-03-16 17:14:00,8.2
Fury From the Deep: Episode 2,Sat,00:23:08,,55.0,40,1968-03-23 17:15:00,7.9
Fury From the Deep: Episode 3,Sat,00:20:29,,56.0,47,1968-03-30 17:16:00,7.7
Fury From the Deep: Episode 4,Sat,00:24:17,,56.0,62,1968-04-06 17:15:00,6.6
Fury From the Deep: Episode 5,Sat,00:23:40,,56.0,73,1968-04-13 17:15:00,5.9
Fury From the Deep: Episode 6,Sat,00:24:24,,57.0,42,1968-04-20 17:15:00,6.9
The Wheel In Space: Episode 1,Sat,00:23:47,,57.0,40,1968-04-27 17:15:00,7.2
The Wheel In Space: Episode 2,Sat,00:22:50,,60.0,59,1968-05-04 17:16:00,6.9
The Wheel In Space: Episode 3,Sat,00:24:25,,55.0,40,1968-05-11 17:15:00,7.5
The Wheel In Space: Episode 4,Sat,00:24:14,,56.0,28,1968-05-18 18:00:00,8.6
The Wheel In Space: Episode 5,Sat,00:21:55,,57.0,44,1968-05-25 17:16:00,6.8
The Wheel In Space: Episode 6,Sat,00:23:10,,62.0,51,1968-06-01 18:06:00,6.5
The Dominators: Episode 1,Sat,00:24:25,,52.0,54,1968-08-10 17:15:00,6.1
The Dominators: Episode 2,Sat,00:24:07,,55.0,61,1968-08-17 17:14:00,5.9
The Dominators: Episode 3,Sat,00:24:06,,55.0,65,1968-08-24 17:15:00,5.4
The Dominators: Episode 4,Sat,00:23:54,,51.0,33,1968-08-31 17:14:00,7.5
The Dominators: Episode 5,Sat,00:24:19,,53.0,64,1968-09-07 17:14:00,5.9
The Mind Robber: Episode 1,Sat,00:22:20,,51.0,55,1968-09-14 17:17:00,6.6
The Mind Robber: Episode 2,Sat,00:21:39,,49.0,54,1968-09-21 17:18:00,6.5
The Mind Robber: Episode 3,Sat,00:19:29,,53.0,45,1968-09-28 17:19:00,7.2
The Mind Robber: Episode 4,Sat,00:19:14,,56.0,44,1968-10-05 17:19:00,7.3
The Mind Robber: Episode 5,Sat,00:18:00,,49.0,84,1968-10-12 17:20:00,6.7
The Invasion: Episode One,Sat,00:24:32,,55.0,55,1968-11-02 17:15:00,7.3
The Invasion: Episode Two,Sat,00:24:26,,53.0,55,1968-11-09 17:15:00,7.1
The Invasion: Episode Three,Sat,00:23:44,,54.0,66,1968-11-16 17:15:00,7.1
The Invasion: Episode Four,Sat,00:24:18,,51.0,73,1968-11-23 17:14:00,6.4
The Invasion: Episode Five,Sat,00:23:25,,52.0,67,1968-11-30 17:15:00,6.7
The Invasion: Episode Six,Sat,00:23:20,,56.0,72,1968-12-07 17:15:00,6.5
The Invasion: Episode Seven,Sat,00:24:46,,55.0,51,1968-12-14 17:14:00,7.2
The Invasion: Episode Eight,Sat,00:25:03,,53.0,80,1968-12-21 17:15:00,7.0
The Krotons: Episode One,Sat,00:23:00,,59.0,55,1968-12-28 17:15:00,9.0
The Krotons: Episode Two,Sat,00:23:03,,57.0,54,1969-01-04 17:15:00,8.4
The Krotons: Episode Three,Sat,00:21:41,,56.0,61,1969-01-11 17:16:00,7.5
The Krotons: Episode Four,Sat,00:22:39,,55.0,68,1969-01-18 17:16:00,7.1
The Seeds of Death: Episode One,Sat,00:23:11,,57.0,68,1969-01-25 17:16:00,6.6
The Seeds of Death: Episode Two,Sat,00:24:26,,59.0,72,1969-02-01 17:15:00,6.8
The Seeds of Death: Episode Three,Sat,00:24:10,,55.0,65,1969-02-08 17:15:00,7.5
The Seeds of Death: Episode Four,Sat,00:24:57,,55.0,74,1969-02-15 17:15:00,7.1
The Seeds of Death: Episode Five,Sat,00:24:56,,57.0,65,1969-02-22 17:14:00,7.6
The Seeds of Death: Episode Six,Sat,00:44:31,,59.0,59,1969-03-01 17:14:00,7.7
The Space Pirates: Episode One,Sat,00:24:11,,57.0,96,1969-03-08 17:15:00,5.8
The Space Pirates: Episode Two,Sat,00:25:02,,52.0,74,1969-03-15 17:14:00,6.8
The Space Pirates: Episode Three,Sat,00:23:50,,55.0,75,1969-03-22 17:15:00,6.4
The Space Pirates: Episode Four,Sat,00:22:25,,53.0,83,1969-03-29 17:17:00,5.8
The Space Pirates: Episode Five,Sat,00:24:44,,56.0,70,1969-04-05 17:14:00,5.5
The Space Pirates: Episode Six,Sat,00:24:26,,52.0,98,1969-04-12 17:14:00,5.3
The War Games: Episode One,Sat,00:25:00,,55.0,88,1969-04-19 17:14:00,5.5
The War Games: Episode Two,Sat,00:25:00,,54.0,68,1969-04-26 17:14:00,6.3
The War Games: Episode Three,Sat,00:24:30,,53.0,81,1969-05-03 17:15:00,5.1
The War Games: Episode Four,Sat,00:23:30,,50.0,63,1969-05-10 17:15:00,5.7
The War Games: Episode Five,Sat,00:24:30,,53.0,87,1969-05-17 17:14:00,5.1
The War Games: Episode Six,Sat,00:22:53,,53.0,91,1969-05-24 17:15:00,4.2
The War Games: Episode Seven,Sat,00:22:28,,53.0,83,1969-05-31 17:16:00,4.9
The War Games: Episode Eight,Sat,00:24:37,,53.0,96,1969-06-07 17:14:00,3.5
The War Games: Episode Nine,Sat,00:24:34,,57.0,91,1969-06-14 17:14:00,4.1
The War Games: Episode Ten,Sat,00:24:23,,58.0,66,1969-06-21 17:14:00,5.0
Spearhead From Space: Episode 1,Sat,00:23:38,,54.0,54,1970-01-03 17:15:00,8.4
Spearhead From Space: Episode 2,Sat,00:24:21,,,57,1970-01-10 17:15:00,8.1
Spearhead From Space: Episode 3,Sat,00:24:16,,,49,1970-01-17 17:15:00,8.3
Spearhead From Space: Episode 4,Sat,00:24:47,,57.0,51,1970-01-24 17:14:00,8.1
Doctor Who And The Silurians: Episode 1,Sat,00:24:15,,58.0,41,1970-01-31 17:15:00,8.8
Doctor Who And The Silurians: Episode 2,Sat,00:23:08,,58.0,68,1970-02-07 17:16:00,7.3
Doctor Who And The Silurians: Episode 3,Sat,00:23:16,,57.0,59,1970-02-14 17:15:00,7.5
Doctor Who And The Silurians: Episode 4,Sat,00:25:00,,60.0,46,1970-02-21 17:15:00,8.2
Doctor Who And The Silurians: Episode 5,Sat,00:23:58,,58.0,52,1970-02-28 17:16:00,7.5
Doctor Who And The Silurians: Episode 6,Sat,00:24:15,,57.0,63,1970-03-07 17:15:00,7.2
Doctor Who And The Silurians: Episode 7,Sat,00:22:55,,58.0,54,1970-03-14 17:15:00,7.5
The Ambassadors of Death: Episode 1,Sat,00:24:33,,60.0,60,1970-03-21 17:16:00,7.1
The Ambassadors of Death: Episode 2,Sat,00:24:39,,61.0,59,1970-03-28 17:14:00,7.6
The Ambassadors of Death: Episode 3,Sat,00:24:38,,59.0,60,1970-04-04 17:21:00,8.0
The Ambassadors of Death: Episode 4,Sat,00:24:37,,58.0,46,1970-04-11 17:44:00,9.3
The Ambassadors of Death: Episode 5,Sat,00:24:17,,,57,1970-04-18 17:14:00,7.1
The Ambassadors of Death: Episode 6,Sat,00:24:31,,61.0,70,1970-04-25 17:16:00,6.9
The Ambassadors of Death: Episode 7,Sat,00:24:32,,62.0,80,1970-05-02 17:15:00,6.4
Inferno: Episode 1,Sat,00:23:21,,61.0,72,1970-05-09 17:15:00,5.7
Inferno: Episode 2,Sat,00:22:04,,61.0,66,1970-05-16 17:16:00,5.9
Inferno: Episode 3,Sat,00:24:34,,60.0,85,1970-05-23 17:15:00,4.8
Inferno: Episode 4,Sat,00:24:57,,60.0,54,1970-05-30 17:15:00,6.0
Inferno: Episode 5,Sat,00:23:42,,,54,1970-06-06 17:15:00,5.4
Inferno: Episode 6,Sat,00:23:32,,58.0,73,1970-06-13 17:26:00,6.7
Inferno: Episode 7,Sat,00:24:33,,60.0,79,1970-06-20 17:15:00,5.5
Terror of the Autons: Episode One,Sat,00:24:36,,,78,1971-01-02 17:15:00,7.3
Terror of the Autons: Episode Two,Sat,00:24:48,,,71,1971-01-09 17:14:00,8.0
Terror of the Autons: Episode Three,Sat,00:23:28,,,58,1971-01-16 17:15:00,8.1
Terror of the Autons: Episode Four,Sat,00:22:10,,,59,1971-01-23 17:16:00,8.4
The Mind of Evil: Episode One,Sat,00:24:39,,,61,1971-01-30 17:15:00,6.1
The Mind of Evil: Episode Two,Sat,00:24:31,,,54,1971-02-06 17:14:00,8.8
The Mind of Evil: Episode Three,Sat,00:24:30,,,70,1971-02-13 17:15:00,7.5
The Mind of Evil: Episode Four,Sat,00:24:40,,,63,1971-02-20 17:15:00,7.4
The Mind of Evil: Episode Five,Sat,00:23:34,,,58,1971-02-27 17:15:00,7.6
The Mind of Evil: Episode Six,Sat,00:24:48,,,65,1971-03-06 17:15:00,7.3
The Claws of Axos: Episode One,Sat,00:23:51,,,57,1971-03-13 17:15:00,7.3
The Claws of Axos: Episode Two,Sat,00:24:00,,,43,1971-03-20 17:15:00,8.0
The Claws of Axos: Episode Three,Sat,00:24:05,,,70,1971-03-27 17:15:00,6.4
The Claws of Axos: Episode Four,Sat,00:25:16,,,49,1971-04-03 17:15:00,7.8
Colony In Space: Episode One,Sat,00:24:19,,,41,1971-04-10 18:11:00,7.6
Colony In Space: Episode Two,Sat,00:22:43,,,28,1971-04-17 18:12:00,8.5
Colony In Space: Episode Three,Sat,00:24:47,,,26,1971-04-24 18:13:00,9.5
Colony In Space: Episode Four,Sat,00:24:20,,,28,1971-05-01 18:12:00,8.1
Colony In Space: Episode Five,Sat,00:25:22,,,23,1971-05-08 18:13:00,8.8
Colony In Space: Episode Six,Sat,00:25:22,,,23,1971-05-15 18:12:00,8.7
The Dæmons: Episode One,Sat,00:25:05,,,26,1971-05-22 18:16:00,9.2
The Dæmons: Episode Two,Sat,00:24:20,,,23,1971-05-29 18:10:00,8.0
The Dæmons: Episode Three,Sat,00:24:27,,,34,1971-06-05 18:11:00,8.1
The Dæmons: Episode Four,Sat,00:24:25,,,24,1971-06-12 18:11:00,8.1
The Dæmons: Episode Five,Sat,00:24:04,,,17,1971-06-19 18:10:00,8.3
Day of the Daleks: Episode One,Sat,00:23:36,,,36,1972-01-01 17:52:00,9.8
Day of the Daleks: Episode Two,Sat,00:23:52,,,29,1972-01-08 17:53:00,10.4
Day of the Daleks: Episode Three,Sat,00:24:18,,,38,1972-01-15 17:50:00,9.1
Day of the Daleks: Episode Four,Sat,00:24:17,,,40,1972-01-22 17:51:00,9.1
The Curse of Peladon: Episode One,Sat,00:24:32,,,36,1972-01-29 17:51:00,10.3
The Curse of Peladon: Episode Two,Sat,00:24:33,,,20,1972-02-05 17:51:00,11.0
The Curse of Peladon: Episode Three,Sat,00:24:21,,,49,1972-02-12 17:53:00,7.8
The Curse of Peladon: Episode Four,Sat,00:24:16,,,27,1972-02-19 17:50:00,8.4
The Sea Devils: Episode One,Sat,00:24:40,,,76,1972-02-26 17:50:00,6.4
The Sea Devils: Episode Two,Sat,00:24:30,,,26,1972-03-04 17:52:00,9.7
The Sea Devils: Episode Three,Sat,00:24:05,,,45,1972-03-11 17:49:00,8.3
The Sea Devils: Episode Four,Sat,00:24:21,,,40,1972-03-18 17:50:00,7.8
The Sea Devils: Episode Five,Sat,00:24:53,,,39,1972-03-25 17:45:00,8.3
The Sea Devils: Episode Six,Sat,00:25:24,,,47,1972-04-01 17:51:00,8.5
The Mutants: Episode One,Sat,00:24:25,,,29,1972-04-08 17:51:00,9.1
The Mutants: Episode Two,Sat,00:24:24,,,38,1972-04-15 17:51:00,7.8
The Mutants: Episode Three,Sat,00:24:32,,,36,1972-04-22 17:50:00,7.9
The Mutants: Episode Four,Sat,00:24:00,,,44,1972-04-29 17:49:00,7.5
The Mutants: Episode Five,Sat,00:24:37,,,44,1972-05-06 17:51:00,7.9
The Mutants: Episode Six,Sat,00:23:43,,,67,1972-05-13 17:52:00,6.5
The Time Monster: Episode One,Sat,00:25:04,,,37,1972-05-20 17:50:00,7.6
The Time Monster: Episode Two,Sat,00:25:05,,,60,1972-05-27 17:51:00,7.4
The Time Monster: Episode Three,Sat,00:23:59,,,36,1972-06-03 17:51:00,8.1
The Time Monster: Episode Four,Sat,00:23:55,,,28,1972-06-10 17:50:00,7.6
The Time Monster: Episode Five,Sat,00:24:29,,,67,1972-06-17 17:45:00,6.0
The Time Monster: Episode Six,Sat,00:24:55,,,39,1972-06-24 17:46:00,7.6
The Three Doctors: Episode One,Sat,00:24:39,,,41,1972-12-30 17:51:00,9.6
The Three Doctors: Episode Two,Sat,00:24:18,,,22,1973-01-06 17:51:00,10.8
The Three Doctors: Episode Three,Sat,00:24:22,,,44,1973-01-13 17:51:00,8.8
The Three Doctors: Episode Four,Sat,00:25:07,,,17,1973-01-20 17:51:00,11.9
Carnival Of Monsters: Episode One,Sat,00:24:46,,,36,1973-01-27 17:49:00,10.3
Carnival Of Monsters: Episode Two,Sat,00:24:11,,,20,1973-02-03 17:50:00,11.0
Carnival Of Monsters: Episode Three,Sat,00:24:49,,,49,1973-02-10 17:51:00,7.8
Carnival Of Monsters: Episode Four,Sat,00:24:10,,,27,1973-02-17 17:51:00,8.4
Frontier In Space: Episode One,Sat,00:23:27,,,32,1973-02-24 17:51:00,9.1
Frontier In Space: Episode Two,Sat,00:24:10,,,53,1973-03-03 17:53:00,7.8
Frontier In Space: Episode Three,Sat,00:24:00,,,57,1973-03-10 17:52:00,7.5
Frontier In Space: Episode Four,Sat,00:23:35,,,55,1973-03-17 17:50:00,7.1
Frontier In Space: Episode Five,Sat,00:23:57,,,57,1973-03-24 17:52:00,7.7
Frontier In Space: Episode Six,Sat,00:24:44,,,40,1973-03-31 17:52:00,8.9
Planet of the Daleks: Episode One,Sat,00:24:51,,,9,1973-04-07 18:11:00,11.0
Planet of the Daleks: Episode Two,Sat,00:24:08,,,18,1973-04-14 17:53:00,10.7
Planet of the Daleks: Episode Three,Sat,00:22:34,,,29,1973-04-21 17:53:00,10.1
Planet of the Daleks: Episode Four,Sat,00:23:36,,,29,1973-04-28 17:51:00,8.3
Planet of the Daleks: Episode Five,Sat,00:22:31,,,21,1973-05-05 17:51:00,9.7
Planet of the Daleks: Episode Six,Sat,00:23:06,,,24,1973-05-12 17:50:00,8.5
The Green Death: Episode One,Sat,00:25:55,,,18,1973-05-19 17:51:00,9.2
The Green Death: Episode Two,Sat,00:25:56,,,38,1973-05-26 17:50:00,7.2
The Green Death: Episode Three,Sat,00:25:12,,,29,1973-06-02 17:51:00,7.8
The Green Death: Episode Four,Sat,00:25:57,,,32,1973-06-09 17:50:00,6.8
The Green Death: Episode Five,Sat,00:25:20,,,15,1973-06-16 17:52:00,8.3
The Green Death: Episode Six,Sat,00:26:06,,,30,1973-06-23 17:50:00,7.0
The Time Warrior: Part One,Sat,00:24:15,,59.0,34,1973-12-15 17:10:00,8.7
The Time Warrior: Part Two,Sat,00:24:10,,,75,1973-12-22 17:45:00,7.0
The Time Warrior: Part Three,Sat,00:23:30,,,89,1973-12-29 17:10:00,6.6
The Time Warrior: Part Four,Sat,00:24:57,,60.0,22,1974-01-05 17:29:00,10.6
Invasion of the Dinosaurs: Part One,Sat,00:25:29,,62.0,24,1974-01-12 17:30:00,11.0
Invasion of the Dinosaurs: Part Two,Sat,00:24:43,,,26,1974-01-19 17:30:00,10.1
Invasion of the Dinosaurs: Part Three,Sat,00:23:26,,,27,1974-01-26 17:30:00,11.0
Invasion of the Dinosaurs: Part Four,Sat,00:23:33,,63.0,34,1974-02-02 17:34:00,9.0
Invasion of the Dinosaurs: Part Five,Sat,00:24:30,,,23,1974-02-09 17:29:00,9.0
Invasion of the Dinosaurs: Part Six,Sat,00:25:34,,62.0,54,1974-02-16 17:29:00,7.5
Death to the Daleks: Part One,Sat,00:24:32,,61.0,49,1974-02-23 17:29:00,8.1
Death to the Daleks: Part Two,Sat,00:24:25,,,30,1974-03-02 17:29:00,9.5
Death to the Daleks: Part Three,Sat,00:24:24,,61.0,20,1974-03-09 17:30:00,10.5
Death to the Daleks: Part Four,Sat,00:24:35,,62.0,21,1974-03-16 17:34:00,9.5
The Monster of Peladon: Part One,Sat,00:24:59,,,23,1974-03-23 17:30:00,9.2
The Monster of Peladon: Part Two,Sat,00:23:26,,,55,1974-03-30 17:30:00,6.8
The Monster of Peladon: Part Three,Sat,00:24:47,,64.0,42,1974-04-06 17:30:00,7.4
The Monster of Peladon: Part Four,Sat,00:24:50,,,37,1974-04-13 17:30:00,7.2
The Monster of Peladon: Part Five,Sat,00:23:56,,,42,1974-04-20 17:30:00,7.5
The Monster of Peladon: Part Six,Sat,00:23:48,,,30,1974-04-27 17:31:00,8.1
Planet of the Spiders: Part One,Sat,00:24:40,,58.0,17,1974-05-04 17:47:00,10.1
Planet of the Spiders: Part Two,Sat,00:25:02,,60.0,26,1974-05-11 17:40:00,8.9
Planet of the Spiders: Part Three,Sat,00:24:58,,57.0,22,1974-05-18 17:40:00,8.8
Planet of the Spiders: Part Four,Sat,00:23:53,,,24,1974-05-25 17:31:00,8.2
Planet of the Spiders: Part Five,Sat,00:24:01,,,19,1974-06-01 17:36:00,9.2
Planet of the Spiders: Part Six,Sat,00:24:43,,56.0,25,1974-06-08 17:38:00,8.9
Robot: Part One,Sat,00:24:11,,53.0,25,1974-12-28 17:35:00,10.8
Robot: Part Two,Sat,00:25:00,,53.0,17,1975-01-04 17:32:00,10.7
Robot: Part Three,Sat,00:24:29,,,22,1975-01-11 17:30:00,10.1
Robot: Part Four,Sat,00:24:29,,51.0,30,1975-01-18 17:31:00,9.0
The Ark In Space: Part One,Sat,00:24:58,,,27,1975-01-25 17:36:00,9.4
The Ark In Space: Part Two,Sat,00:24:49,,,5,1975-02-01 17:30:00,13.6
The Ark In Space: Part Three,Sat,00:24:05,,,17,1975-02-08 17:32:00,11.2
The Ark In Space: Part Four,Sat,00:24:37,,,24,1975-02-15 17:31:00,10.2
The Sontaran Experiment: Part One,Sat,00:24:27,,,18,1975-02-22 17:30:00,11.0
The Sontaran Experiment: Part Two,Sat,00:24:27,,55.0,17,1975-03-01 17:30:00,10.5
Genesis of the Daleks: Part One,Sat,00:24:20,,,23,1975-03-08 17:30:00,10.7
Genesis of the Daleks: Part Two,Sat,00:24:51,,57.0,15,1975-03-15 17:30:00,10.5
Genesis of the Daleks: Part Three,Sat,00:22:38,,,42,1975-03-22 17:30:00,8.5
Genesis of the Daleks: Part Four,Sat,00:23:38,,58.0,36,1975-03-29 17:31:00,8.8
Genesis of the Daleks: Part Five,Sat,00:23:27,,57.0,30,1975-04-05 17:30:00,9.8
Genesis of the Daleks: Part Six,Sat,00:23:30,,56.0,26,1975-04-12 17:31:00,9.1
Revenge of the Cybermen: Part One,Sat,00:24:19,,57.0,24,1975-04-19 17:36:00,9.5
Revenge of the Cybermen: Part Two,Sat,00:24:24,,,28,1975-04-26 17:30:00,8.3
Revenge of the Cybermen: Part Three,Sat,00:24:32,,,25,1975-05-03 17:50:00,8.9
Revenge of the Cybermen: Part Four,Sat,00:23:21,,58.0,22,1975-05-10 18:30:00,9.4
Terror of the Zygons: Part One,Sat,00:21:41,,59.0,29,1975-08-30 17:46:00,8.4
Terror of the Zygons: Part Two,Sat,00:25:08,,,61,1975-09-06 17:45:00,6.1
Terror of the Zygons: Part Three,Sat,00:24:09,,54.0,32,1975-09-13 17:46:00,8.2
Terror of the Zygons: Part Four,Sat,00:25:22,,,45,1975-09-20 17:22:00,7.2
Planet of Evil: Part One,Sat,00:24:02,,56.0,19,1975-09-27 17:45:00,10.4
Planet of Evil: Part Two,Sat,00:22:30,,,24,1975-10-04 17:46:00,9.9
Planet of Evil: Part Three,Sat,00:23:50,,57.0,29,1975-10-11 18:07:00,9.1
Planet of Evil: Part Four,Sat,00:23:43,,54.0,26,1975-10-18 17:46:00,10.1
Pyramids of Mars: Part One,Sat,00:25:22,,,28,1975-10-25 17:47:00,10.5
Pyramids of Mars: Part Two,Sat,00:23:53,,,15,1975-11-01 17:48:00,11.3
Pyramids of Mars: Part Three,Sat,00:24:32,,,37,1975-11-08 17:46:00,9.4
Pyramids of Mars: Part Four,Sat,00:24:52,,60.0,22,1975-11-15 17:45:00,11.7
The Android Invasion: Part One,Sat,00:24:21,,58.0,17,1975-11-22 17:47:00,11.9
The Android Invasion: Part Two,Sat,00:24:30,,,24,1975-11-29 17:45:00,11.3
The Android Invasion: Part Three,Sat,00:24:50,,,14,1975-12-06 17:46:00,12.1
The Android Invasion: Part Four,Sat,00:24:30,,,15,1975-12-13 17:56:00,11.4
The Brain of Morbius: Part One,Sat,00:25:25,,,30,1976-01-03 17:56:00,9.5
The Brain of Morbius: Part Two,Sat,00:24:46,,,32,1976-01-10 17:47:00,9.3
The Brain of Morbius: Part Three,Sat,00:25:07,,57.0,23,1976-01-17 17:45:00,10.1
The Brain of Morbius: Part Four,Sat,00:24:18,,,28,1976-01-24 17:55:00,10.2
The Seeds of Doom: Part One,Sat,00:24:10,,59.0,16,1976-01-31 18:00:00,11.4
The Seeds of Doom: Part Two,Sat,00:24:09,,,30,1976-02-07 17:31:00,11.4
The Seeds of Doom: Part Three,Sat,00:24:51,,,32,1976-02-14 17:56:00,10.3
The Seeds of Doom: Part Four,Sat,00:24:46,,,23,1976-02-21 17:46:00,11.1
The Seeds of Doom: Part Five,Sat,00:25:06,,,26,1976-02-28 17:47:00,9.9
The Seeds of Doom: Part Six,Sat,00:21:51,,,15,1976-03-06 17:47:00,11.5
The Masque of Mandragora: Part One,Sat,00:24:31,,58.0,40,1976-09-04 18:12:00,8.3
The Masque of Mandragora: Part Two,Sat,00:24:44,,56.0,22,1976-09-11 18:07:00,9.8
The Masque of Mandragora: Part Three,Sat,00:24:34,,,29,1976-09-18 18:11:00,9.2
The Masque of Mandragora: Part Four,Sat,00:24:45,,56.0,23,1976-09-25 18:12:00,10.6
The Hand Of Fear: Part One,Sat,00:24:50,,,24,1976-10-02 18:11:00,10.5
The Hand Of Fear: Part Two,Sat,00:24:48,,,29,1976-10-09 17:50:00,10.2
The Hand Of Fear: Part Three,Sat,00:24:22,,62.0,20,1976-10-16 18:07:00,11.1
The Hand Of Fear: Part Four,Sat,00:25:00,,,19,1976-10-23 18:02:00,12.0
The Deadly Assassin: Part One,Sat,00:21:13,,,15,1976-10-30 18:09:00,11.8
The Deadly Assassin: Part Two,Sat,00:24:44,,59.0,11,1976-11-06 18:04:00,12.1
The Deadly Assassin: Part Three,Sat,00:24:20,,,12,1976-11-13 18:07:00,13.0
The Deadly Assassin: Part Four,Sat,00:24:30,,61.0,12,1976-11-20 18:07:00,11.8
The Face of Evil: Part One,Sat,00:24:58,,61.0,23,1977-01-01 18:22:00,10.7
The Face of Evil: Part Two,Sat,00:24:58,,,19,1977-01-08 18:29:00,11.1
The Face of Evil: Part Three,Sat,00:24:40,,59.0,20,1977-01-15 18:22:00,11.3
The Face of Evil: Part Four,Sat,00:24:46,,60.0,19,1977-01-22 18:26:00,11.7
The Robots of Death: Part One,Sat,00:24:06,,62.0,14,1977-01-29 18:20:00,12.1
The Robots of Death: Part Two,Sat,00:24:15,,,17,1977-02-05 18:22:00,12.4
The Robots of Death: Part Three,Sat,00:23:51,,,15,1977-02-12 18:18:00,13.1
The Robots of Death: Part Four,Sat,00:23:42,,57.0,18,1977-02-19 18:25:00,12.6
The Talons of Weng-Chiang: Part One,Sat,00:24:44,,,16,1977-02-26 18:32:00,11.3
The Talons of Weng-Chiang: Part Two,Sat,00:24:26,,,28,1977-03-05 18:37:00,9.8
The Talons of Weng-Chiang: Part Three,Sat,00:21:56,,,22,1977-03-12 18:31:00,10.2
The Talons of Weng-Chiang: Part Four,Sat,00:24:30,,60.0,21,1977-03-19 18:31:00,11.4
The Talons of Weng-Chiang: Part Five,Sat,00:24:49,,,18,1977-03-26 18:30:00,10.1
The Talons of Weng-Chiang: Part Six,Sat,00:23:26,,58.0,32,1977-04-02 18:30:00,9.3
Horror of Fang Rock: Part One,Sat,00:24:10,,58.0,52,1977-09-03 18:17:00,6.8
Horror of Fang Rock: Part Two,Sat,00:24:10,,,51,1977-09-10 18:15:00,7.1
Horror of Fang Rock: Part Three,Sat,00:23:12,,60.0,23,1977-09-17 18:17:00,9.8
Horror of Fang Rock: Part Four,Sat,00:23:12,,57.0,28,1977-09-24 18:16:00,9.9
The Invisible Enemy: Part One,Sat,00:23:09,,,40,1977-10-01 18:20:00,8.6
The Invisible Enemy: Part Two,Sat,00:25:13,,,55,1977-10-08 18:04:00,7.3
The Invisible Enemy: Part Three,Sat,00:23:28,,,65,1977-10-15 18:13:00,7.5
The Invisible Enemy: Part Four,Sat,00:21:22,,60.0,50,1977-10-22 18:12:00,8.3
Image of the Fendahl: Part One,Sat,00:24:38,,,70,1977-10-29 18:11:00,6.7
Image of the Fendahl: Part Two,Sat,00:24:44,,75.0,54,1977-11-05 18:10:00,7.5
Image of the Fendahl: Part Three,Sat,00:24:22,,,63,1977-11-12 18:06:00,7.9
Image of the Fendahl: Part Four,Sat,00:20:32,,61.0,46,1977-11-19 18:13:00,9.1
The Sun Makers: Part One,Sat,00:24:59,,,48,1977-11-26 18:07:00,8.5
The Sun Makers: Part Two,Sat,00:24:57,,62.0,36,1977-12-03 18:05:00,9.5
The Sun Makers: Part Three,Sat,00:24:57,,,35,1977-12-10 18:05:00,8.9
The Sun Makers: Part Four,Sat,00:24:57,,59.0,42,1977-12-17 18:08:00,8.4
Underworld: Part One,Sat,00:22:36,,65.0,50,1978-01-07 18:24:00,8.9
Underworld: Part Two,Sat,00:21:27,,,37,1978-01-14 18:26:00,9.1
Underworld: Part Three,Sat,00:22:21,,,37,1978-01-21 18:30:00,8.9
Underworld: Part Four,Sat,00:23:03,,,27,1978-01-28 18:29:00,11.7
The Invasion of Time: Part One,Sat,00:25:00,,56.0,28,1978-02-04 18:25:00,11.2
The Invasion of Time: Part Two,Sat,00:25:00,,,29,1978-02-11 18:24:00,11.4
The Invasion of Time: Part Three,Sat,00:25:00,,,47,1978-02-18 18:24:00,9.5
The Invasion of Time: Part Four,Sat,00:23:31,,,28,1978-02-25 18:25:00,10.9
The Invasion of Time: Part Five,Sat,00:25:00,,,32,1978-03-04 18:26:00,10.3
The Invasion of Time: Part Six,Sat,00:25:54,,,35,1978-03-11 18:25:00,9.8
The Ribos Operation: Part One,Sat,00:25:02,,59.0,42,1978-09-02 17:44:00,8.3
The Ribos Operation: Part Two,Sat,00:24:46,,,36,1978-09-09 18:21:00,8.1
The Ribos Operation: Part Three,Sat,00:24:42,,,38,1978-09-16 18:31:00,7.9
The Ribos Operation: Part Four,Sat,00:24:50,,67.0,36,1978-09-23 18:21:00,8.2
The Pirate Planet: Part One,Sat,00:25:05,,61.0,30,1978-09-30 18:22:00,9.1
The Pirate Planet: Part Two,Sat,00:25:30,,,52,1978-10-07 18:21:00,7.4
The Pirate Planet: Part Three,Sat,00:25:47,,64.0,44,1978-10-14 18:21:00,8.2
The Pirate Planet: Part Four,Sat,00:25:16,,64.0,46,1978-10-21 18:22:00,8.4
The Stones of Blood: Part One,Sat,00:24:20,,,38,1978-10-28 18:24:00,8.6
The Stones of Blood: Part Two,Sat,00:23:53,,,75,1978-11-04 18:22:00,6.6
The Stones of Blood: Part Three,Sat,00:24:27,,,38,1978-11-11 18:21:00,9.3
The Stones of Blood: Part Four,Sat,00:23:07,,67.0,66,1978-11-18 18:23:00,7.6
The Androids of Tara: Part One,Sat,00:24:53,,,45,1978-11-25 18:22:00,8.5
The Androids of Tara: Part Two,Sat,00:24:27,,65.0,30,1978-12-02 18:21:00,10.1
The Androids of Tara: Part Three,Sat,00:23:52,,,38,1978-12-09 18:21:00,8.9
The Androids of Tara: Part Four,Sat,00:24:49,,66.0,45,1978-12-16 18:19:00,9.0
The Power of Kroll: Part One,Sat,00:23:16,,,85,1978-12-23 18:17:00,6.5
The Power of Kroll: Part Two,Sat,00:23:57,,,26,1978-12-30 18:30:00,12.4
The Power of Kroll: Part Three,Sat,00:21:56,,,51,1979-01-06 18:27:00,8.9
The Power of Kroll: Part Four,Sat,00:21:58,,63.0,31,1979-01-13 18:27:00,9.9
The Armageddon Factor: Part One,Sat,00:24:39,,65.0,93,1979-01-20 18:25:00,7.5
The Armageddon Factor: Part Two,Sat,00:23:56,,,49,1979-01-27 18:27:00,8.8
The Armageddon Factor: Part Three,Sat,00:25:02,,,76,1979-02-03 18:28:00,7.8
The Armageddon Factor: Part Four,Sat,00:25:09,,,60,1979-02-10 18:27:00,8.6
The Armageddon Factor: Part Five,Sat,00:24:42,,,66,1979-02-17 18:26:00,8.6
The Armageddon Factor: Part Six,Sat,00:25:09,,66.0,36,1979-02-24 18:29:00,9.6
Destiny of the Daleks: Episode One,Sat,00:24:03,,67.0,28,1979-09-01 18:13:00,13.0
Destiny of the Daleks: Episode Two,Sat,00:25:14,,,39,1979-09-08 18:09:00,12.7
Destiny of the Daleks: Episode Three,Sat,00:24:32,,63.0,28,1979-09-15 18:08:00,13.8
Destiny of the Daleks: Episode Four,Sat,00:26:05,,64.0,27,1979-09-22 18:17:00,14.4
City of Death: Part One,Sat,00:25:00,,,50,1979-09-29 18:06:00,12.4
City of Death: Part Two,Sat,00:25:00,,64.0,44,1979-10-06 18:17:00,14.1
City of Death: Part Three,Sat,00:25:00,,,34,1979-10-13 18:04:00,15.4
City of Death: Part Four,Sat,00:25:00,,64.0,16,1979-10-20 18:16:00,16.1
The Creature from the Pit: Part One,Sat,00:23:32,,,43,1979-10-27 18:02:00,9.3
The Creature from the Pit: Part Two,Sat,00:24:03,,67.0,23,1979-11-03 18:07:00,10.8
The Creature from the Pit: Part Three,Sat,00:23:55,,,36,1979-11-10 18:02:00,10.2
The Creature from the Pit: Part Four,Sat,00:24:07,,,36,1979-11-17 18:03:00,9.6
Nightmare of Eden: Part One,Sat,00:24:17,,,41,1979-11-24 18:01:00,8.7
Nightmare of Eden: Part Two,Sat,00:22:44,,,31,1979-12-01 18:04:00,9.6
Nightmare of Eden: Part Three,Sat,00:24:06,,,32,1979-12-08 18:03:00,9.6
Nightmare of Eden: Part Four,Sat,00:24:31,,65.0,32,1979-12-15 17:56:00,9.4
The Horns of Nimon: Part One,Sat,00:25:41,,,100,1979-12-22 18:11:00,6.0
The Horns of Nimon: Part Two,Sat,00:25:00,,,56,1979-12-29 17:54:00,8.8
The Horns of Nimon: Part Three,Sat,00:23:26,,,40,1980-01-05 18:21:00,9.8
The Horns of Nimon: Part Four,Sat,00:26:45,,67.0,26,1980-01-12 18:06:00,10.4
The Leisure Hive: Part One,Sat,00:23:33,,,77,1980-08-30 18:14:00,5.9
The Leisure Hive: Part Two,Sat,00:20:45,,,103,1980-09-06 18:20:00,5.0
The Leisure Hive: Part Three,Sat,00:21:21,,,111,1980-09-13 17:57:00,5.0
The Leisure Hive: Part Four,Sat,00:21:19,,65.0,111,1980-09-20 18:15:00,4.5
Meglos: Part One,Sat,00:24:43,,61.0,105,1980-09-27 18:16:00,5.0
Meglos: Part Two,Sat,00:21:24,,64.0,139,1980-10-04 18:17:00,4.2
Meglos: Part Three,Sat,00:21:19,,,129,1980-10-11 17:42:00,4.7
Meglos: Part Four,Sat,00:19:30,,63.0,127,1980-10-18 17:44:00,4.7
Full Circle: Part One,Sat,00:24:23,,,106,1980-10-25 17:40:00,5.9
Full Circle: Part Two,Sat,00:22:11,,,170,1980-11-01 17:42:00,3.7
Full Circle: Part Three,Sat,00:22:00,,,115,1980-11-08 17:42:00,5.9
Full Circle: Part Four,Sat,00:24:16,,65.0,127,1980-11-15 17:40:00,5.5
State of Decay: Part One,Sat,00:22:24,,,119,1980-11-22 17:42:00,5.8
State of Decay: Part Two,Sat,00:23:16,,,136,1980-11-29 17:41:00,5.3
State of Decay: Part Three,Sat,00:24:13,,,145,1980-12-06 17:40:00,4.4
State of Decay: Part Four,Sat,00:24:54,,69.0,125,1980-12-13 17:39:00,5.4
Warriors' Gate: Part One,Sat,00:22:54,,59.0,88,1981-01-03 17:20:00,7.1
Warriors' Gate: Part Two,Sat,00:23:47,,,93,1981-01-10 17:09:00,6.7
Warriors' Gate: Part Three,Sat,00:22:15,,,59,1981-01-17 17:11:00,8.3
Warriors' Gate: Part Four,Sat,00:24:53,,59.0,69,1981-01-24 17:09:00,7.8
The Keeper of Traken: Part One,Sat,00:24:05,,,72,1981-01-31 17:09:00,7.6
The Keeper of Traken: Part Two,Sat,00:24:50,,,106,1981-02-07 17:08:00,6.1
The Keeper of Traken: Part Three,Sat,00:23:49,,,112,1981-02-14 17:09:00,5.2
The Keeper of Traken: Part Four,Sat,00:25:11,,63.0,103,1981-02-21 17:12:00,6.1
Logopolis: Part One,Sat,00:24:32,,,84,1981-02-28 17:09:00,7.1
Logopolis: Part Two,Sat,00:24:03,,61.0,57,1981-03-07 17:09:00,7.7
Logopolis: Part Three,Sat,00:24:32,,,102,1981-03-14 17:11:00,5.8
Logopolis: Part Four,Sat,00:25:10,,65.0,97,1981-03-21 17:09:00,6.1
Castrovalva: Part One,Mon,00:24:14,,,54,1982-01-04 18:56:00,9.1
Castrovalva: Part Two,Tue,00:24:13,,,84,1982-01-05 19:02:00,8.6
Castrovalva: Part Three,Mon,00:23:35,,,47,1982-01-11 18:55:00,10.2
Castrovalva: Part Four,Tue,00:24:12,,,46,1982-01-12 19:05:00,10.4
Four To Doomsday: Part One,Mon,00:23:36,,,66,1982-01-18 18:56:00,8.4
Four To Doomsday: Part Two,Tue,00:24:11,,,61,1982-01-19 19:05:00,8.8
Four To Doomsday: Part Three,Mon,00:24:09,,,63,1982-01-25 18:56:00,8.8
Four To Doomsday: Part Four,Tue,00:24:53,,,53,1982-01-26 19:06:00,9.4
Kinda: Part One,Mon,00:24:50,,,78,1982-02-01 18:57:00,8.4
Kinda: Part Two,Tue,00:24:58,,,45,1982-02-02 19:04:00,9.4
Kinda: Part Three,Mon,00:24:17,,,67,1982-02-08 18:56:00,8.5
Kinda: Part Four,Tue,00:24:28,,,56,1982-02-09 19:05:00,8.9
The Visitation: Part One,Mon,00:24:11,,,54,1982-02-15 18:57:00,9.1
The Visitation: Part Two,Tue,00:24:26,,,48,1982-02-16 19:05:00,9.3
The Visitation: Part Three,Mon,00:24:24,,,41,1982-02-22 18:57:00,9.9
The Visitation: Part Four,Tue,00:23:32,,,40,1982-02-23 19:05:00,10.1
Black Orchid: Part One,Mon,00:24:56,,,57,1982-03-01 18:56:00,9.9
Black Orchid: Part Two,Tue,00:24:41,,,55,1982-03-02 19:04:00,10.1
Earthshock: Part One,Mon,00:24:22,,,45,1982-03-08 18:56:00,9.1
Earthshock: Part Two,Tue,00:24:23,,,50,1982-03-09 19:05:00,8.8
Earthshock: Part Three,Mon,00:24:24,,,32,1982-03-15 18:57:00,9.8
Earthshock: Part Four,Tue,00:24:28,,,40,1982-03-16 19:03:00,9.6
Time-Flight: Part One,Mon,00:24:56,,,26,1982-03-22 18:57:00,10.0
Time-Flight: Part Two,Tue,00:23:58,,,48,1982-03-23 19:05:00,8.5
Time-Flight: Part Three,Mon,00:24:29,,,46,1982-03-29 18:56:00,8.9
Time-Flight: Part Four,Tue,00:24:30,,,64,1982-03-30 18:51:00,8.1
Arc of Infinity: Part One,Mon,00:24:37,,69.0,74,1983-01-03 18:45:00,7.2
Arc of Infinity: Part Two,Wed,00:24:42,,70.0,66,1983-01-05 18:46:00,7.3
Arc of Infinity: Part Three,Tue,00:24:37,,67.0,89,1983-01-11 18:51:00,6.9
Arc of Infinity: Part Four,Wed,00:24:28,,66.0,82,1983-01-12 18:46:00,7.2
Snakedance: Part One,Tue,00:24:26,,65.0,95,1983-01-18 18:50:00,6.7
Snakedance: Part Two,Wed,00:24:35,,66.0,75,1983-01-19 18:46:00,7.7
Snakedance: Part Three,Tue,00:24:29,,67.0,66,1983-01-25 18:50:00,6.6
Snakedance: Part Four,Wed,00:24:29,,67.0,74,1983-01-26 18:44:00,7.4
Mawdryn Undead: Part One,Tue,00:24:03,,67.0,103,1983-02-01 18:50:00,6.5
Mawdryn Undead: Part Two,Wed,00:24:33,,70.0,83,1983-02-02 18:46:00,7.5
Mawdryn Undead: Part Three,Tue,00:24:32,,67.0,84,1983-02-08 18:49:00,7.4
Mawdryn Undead: Part Four,Wed,00:24:33,,68.0,78,1983-02-09 18:47:00,7.7
Terminus: Part One,Tue,00:24:58,,65.0,86,1983-02-15 18:54:00,6.8
Terminus: Part Two,Wed,00:24:40,,67.0,75,1983-02-16 18:46:00,7.5
Terminus: Part Three,Tue,00:24:39,,64.0,97,1983-02-22 18:54:00,6.5
Terminus: Part Four,Wed,00:24:49,,67.0,80,1983-02-23 18:46:00,7.4
Enlightenment: Part One,Tue,00:24:12,,67.0,89,1983-03-01 18:55:00,6.6
Enlightenment: Part Two,Wed,00:24:23,,65.0,76,1983-03-02 18:45:00,7.2
Enlightenment: Part Three,Tue,00:24:40,,68.0,99,1983-03-08 18:54:00,6.2
Enlightenment: Part Four,Wed,00:24:34,,70.0,68,1983-03-09 18:46:00,7.3
The King's Demons: Part One,Tue,00:24:48,,65.0,107,1983-03-15 18:55:00,5.8
The King's Demons: Part Two,Wed,00:24:27,,63.0,66,1983-03-16 18:47:00,7.2
The Five Doctors,Fri,01:30:23,,75.0,54,1983-11-25 19:20:00,7.7
Warriors of the Deep: Part One,Thu,00:24:48,,65.0,51,1984-01-05 18:41:00,7.6
Warriors of the Deep: Part Two,Fri,00:24:04,,64.0,52,1984-01-06 18:41:00,7.5
Warriors of the Deep: Part Three,Thu,00:24:02,,62.0,74,1984-01-12 18:41:00,7.3
Warriors of the Deep: Part Four,Fri,00:24:48,,65.0,87,1984-01-13 18:40:00,6.6
The Awakening: Part One,Thu,00:25:18,,65.0,61,1984-01-19 18:41:00,7.9
The Awakening: Part Two,Fri,00:24:47,,63.0,84,1984-01-20 18:41:00,6.6
Frontios: Part One,Thu,00:24:39,,66.0,58,1984-01-26 18:41:00,8.0
Frontios: Part Two,Fri,00:24:35,,69.0,115,1984-01-27 18:41:00,5.8
Frontios: Part Three,Thu,00:24:30,,65.0,59,1984-02-02 18:40:00,7.8
Frontios: Part Four,Fri,00:24:26,,65.0,112,1984-02-03 18:41:00,5.6
Resurrection of the Daleks: Part One,Wed,00:46:24,,69.0,73,1984-02-08 18:49:00,7.3
Resurrection of the Daleks: Part Two,Wed,00:46:52,,65.0,53,1984-02-15 18:52:00,8.0
Planet of Fire: Part One,Thu,00:24:26,,,71,1984-02-23 18:41:00,7.4
Planet of Fire: Part Two,Fri,00:24:20,,,102,1984-02-24 18:41:00,6.1
Planet of Fire: Part Three,Thu,00:23:57,,,67,1984-03-01 18:41:00,7.4
Planet of Fire: Part Four,Fri,00:24:44,,,74,1984-03-02 18:41:00,7.0
The Caves of Androzani: Part One,Thu,00:24:33,,65.0,66,1984-03-08 18:41:00,6.9
The Caves of Androzani: Part Two,Fri,00:25:00,,,75,1984-03-09 18:41:00,6.6
The Caves of Androzani: Part Three,Thu,00:24:36,,65.0,62,1984-03-15 18:42:00,7.8
The Caves of Androzani: Part Four,Fri,00:25:37,,68.0,62,1984-03-16 18:41:00,7.8
The Twin Dilemma: Part One,Thu,00:24:42,,61.0,66,1984-03-22 18:41:00,7.6
The Twin Dilemma: Part Two,Fri,00:25:09,,66.0,71,1984-03-23 18:41:00,7.4
The Twin Dilemma: Part Three,Thu,00:24:27,,59.0,59,1984-03-29 18:41:00,7.0
The Twin Dilemma: Part Four,Fri,00:25:04,,67.0,67,1984-03-30 18:43:00,7.3
Attack of the Cybermen: Part One,Sat,00:44:17,,61.0,71,1985-01-05 17:22:00,8.9
Attack of the Cybermen: Part Two,Sat,00:44:29,,65.0,104,1985-01-12 17:22:00,7.2
Vengeance on Varos: Part One,Sat,00:44:42,,63.0,110,1985-01-19 17:21:00,7.2
Vengeance on Varos: Part Two,Sat,00:44:43,,65.0,108,1985-01-26 17:21:00,7.0
The Mark of the Rani: Part One,Sat,00:45:01,,64.0,111,1985-02-02 17:21:00,6.3
The Mark of the Rani: Part Two,Sat,00:44:32,,64.0,84,1985-02-09 17:21:00,7.3
The Two Doctors: Part One,Sat,00:44:22,,65.0,92,1985-02-16 17:22:00,6.6
The Two Doctors: Part Two,Sat,00:44:49,,62.0,90,1985-02-23 17:21:00,6.0
The Two Doctors: Part Three,Sat,00:44:45,,65.0,66,1985-03-02 17:23:00,6.9
Timelash: Part One,Sat,00:45:00,,66.0,69,1985-03-09 17:22:00,6.7
Timelash: Part Two,Sat,00:44:36,,64.0,79,1985-03-16 17:21:00,7.4
Revelation of the Daleks: Part One,Sat,00:44:31,,67.0,65,1985-03-23 17:21:00,7.4
Revelation of the Daleks: Part Two,Sat,00:45:27,,65.0,58,1985-03-30 17:22:00,7.7
The Trial Of A Time Lord (The Mysterious Planet): Part One,Sat,00:24:57,,72.0,69,1986-09-06 17:46:00,4.9
The Trial Of A Time Lord (The Mysterious Planet): Part Two,Sat,00:24:44,,69.0,75,1986-09-13 17:46:00,4.9
The Trial Of A Time Lord (The Mysterious Planet): Part Three,Sat,00:24:18,,70.0,98,1986-09-20 17:47:00,3.9
The Trial Of A Time Lord (The Mysterious Planet): Part Four,Sat,00:24:20,,72.0,97,1986-09-27 17:46:00,3.7
The Trial Of A Time Lord (Mindwarp): Part Five,Sat,00:24:42,,71.0,76,1986-10-04 17:47:00,4.8
The Trial Of A Time Lord (Mindwarp): Part Six,Sat,00:24:45,,69.0,87,1986-10-11 17:45:00,4.6
The Trial Of A Time Lord (Mindwarp): Part Seven,Sat,00:24:33,,66.0,87,1986-10-18 17:47:00,5.1
The Trial Of A Time Lord (Mindwarp): Part Eight,Sat,00:24:44,,72.0,84,1986-10-25 17:47:00,5.0
The Trial Of A Time Lord (Terror of the Vervoids): Part Nine,Sat,00:24:56,,66.0,85,1986-11-01 17:47:00,5.2
The Trial Of A Time Lord (Terror of the Vervoids): Part Ten,Sat,00:24:18,,69.0,93,1986-11-08 17:45:00,4.6
The Trial Of A Time Lord (Terror of the Vervoids): Part Eleven,Sat,00:24:07,,69.0,86,1986-11-15 17:46:00,5.3
The Trial Of A Time Lord (Terror of the Vervoids): Part Twelve,Sat,00:24:45,,69.0,89,1986-11-22 17:45:00,5.2
The Trial Of A Time Lord (The Ultimate Foe): Part Thirteen,Sat,00:24:42,,69.0,98,1986-11-29 17:19:00,4.4
The Trial Of A Time Lord (The Ultimate Foe): Part Fourteen,Sat,00:29:30,,69.0,80,1986-12-06 17:45:00,5.6
Time and the Rani: Part One,Mon,00:24:44,,58.0,71,1987-09-07 19:35:00,5.1
Time and the Rani: Part Two,Mon,00:24:36,,63.0,85,1987-09-14 19:34:00,4.2
Time and the Rani: Part Three,Mon,00:24:23,,57.0,81,1987-09-21 19:35:00,4.3
Time and the Rani: Part Four,Mon,00:24:38,,59.0,86,1987-09-28 19:35:00,4.9
Paradise Towers: Part One,Mon,00:24:33,,61.0,88,1987-10-05 19:34:00,4.5
Paradise Towers: Part Two,Mon,00:24:39,,58.0,84,1987-10-12 19:37:00,5.2
Paradise Towers: Part Three,Mon,00:24:30,,58.0,79,1987-10-19 19:36:00,5.0
Paradise Towers: Part Four,Mon,00:24:21,,57.0,93,1987-10-26 19:35:00,5.0
Delta and the Bannermen: Part One,Mon,00:24:47,,63.0,90,1987-11-02 19:34:00,5.3
Delta and the Bannermen: Part Two,Mon,00:24:23,,60.0,93,1987-11-09 19:35:00,5.1
Delta and the Bannermen: Part Three,Mon,00:24:22,,60.0,87,1987-11-16 19:35:00,5.4
Dragonfire: Part One,Mon,00:24:01,,61.0,80,1987-11-23 19:37:00,5.5
Dragonfire: Part Two,Mon,00:24:40,,61.0,96,1987-11-30 19:35:00,4.0
Dragonfire: Part Three,Mon,00:24:26,,64.0,94,1987-12-07 19:35:00,4.7
Remembrance of the Daleks: Part One,Wed,00:24:33,,68.0,78,1988-10-05 19:34:00,5.5
Remembrance of the Daleks: Part Two,Wed,00:24:31,,69.0,78,1988-10-12 19:35:00,5.8
Remembrance of the Daleks: Part Three,Wed,00:24:30,,70.0,91,1988-10-19 19:34:00,5.1
Remembrance of the Daleks: Part Four,Wed,00:24:36,,72.0,96,1988-10-26 19:34:00,5.0
The Happiness Patrol: Part One,Wed,00:24:51,,67.0,96,1988-11-02 19:35:00,5.3
The Happiness Patrol: Part Two,Wed,00:24:48,,65.0,104,1988-11-09 19:35:00,4.6
The Happiness Patrol: Part Three,Wed,00:24:25,,65.0,88,1988-11-16 19:35:00,5.3
Silver Nemesis: Part One,Wed,00:24:31,,71.0,76,1988-11-23 19:35:00,6.1
Silver Nemesis: Part Two,Wed,00:24:12,,70.0,94,1988-11-30 19:35:00,5.2
Silver Nemesis: Part Three,Wed,00:24:36,,70.0,98,1988-12-07 19:34:00,5.2
The Greatest Show in the Galaxy: Part One,Wed,00:24:23,,68.0,86,1988-12-14 19:34:00,5.0
The Greatest Show in the Galaxy: Part Two,Wed,00:24:20,,66.0,99,1988-12-21 19:35:00,5.3
The Greatest Show in the Galaxy: Part Three,Wed,00:24:30,,69.0,108,1988-12-28 19:39:00,4.8
The Greatest Show in the Galaxy: Part Four,Wed,00:24:24,,64.0,79,1989-01-04 19:37:00,6.6
Battlefield: Part One,Wed,00:24:06,,69.0,102,1989-09-06 19:35:00,3.1
Battlefield: Part Two,Wed,00:24:07,,68.0,91,1989-09-13 19:34:00,3.9
Battlefield: Part Three,Wed,00:24:13,,67.0,95,1989-09-20 19:35:00,3.6
Battlefield: Part Four,Wed,00:24:14,,65.0,89,1989-09-27 19:34:00,4.0
Ghost Light: Part One,Wed,00:24:17,,68.0,94,1989-10-04 19:34:00,4.2
Ghost Light: Part Two,Wed,00:24:18,,68.0,93,1989-10-11 19:34:00,4.0
Ghost Light: Part Three,Wed,00:24:17,,64.0,104,1989-10-18 19:35:00,4.0
The Curse of Fenric: Part One,Wed,00:24:23,,67.0,104,1989-10-25 19:34:00,4.3
The Curse of Fenric: Part Two,Wed,00:24:09,,68.0,104,1989-11-01 19:34:00,4.0
The Curse of Fenric: Part Three,Wed,00:24:11,,68.0,104,1989-11-08 19:34:00,4.0
The Curse of Fenric: Part Four,Wed,00:24:16,,68.0,104,1989-11-15 19:34:00,4.2
Survival: Part One,Wed,00:24:14,,69.0,89,1989-11-22 19:35:00,5.0
Survival: Part Two,Wed,00:24:13,,69.0,96,1989-11-29 19:35:00,4.8
Survival: Part Three,Wed,00:24:20,,71.0,91,1989-12-06 19:35:00,5.0
The TV Movie,Mon,01:24:39,36.0,75.0,17,1996-05-27 20:29:00,9.08
Rose,Sat,00:44:14,44.8,76.0,7,2005-03-26 19:00:00,10.81
The End Of The World,Sat,00:44:45,37.8,76.0,19,2005-04-02 18:59:00,7.97
The Unquiet Dead,Sat,00:44:50,37.8,80.0,15,2005-04-09 19:00:00,8.86
Aliens of London,Sat,00:45:05,35.7,82.0,18,2005-04-16 19:00:00,7.63
World War Three,Sat,00:40:40,40.2,81.0,20,2005-04-23 19:01:00,7.98
Dalek,Sat,00:45:20,44.9,84.0,14,2005-04-30 18:59:00,8.63
The Long Game,Sat,00:44:25,40.4,81.0,17,2005-05-07 19:00:00,8.01
Father's Day,Sat,00:42:50,44.4,83.0,17,2005-05-14 19:01:00,8.06
The Empty Child,Sat,00:41:50,37.0,84.0,21,2005-05-21 18:29:00,7.11
The Doctor Dances,Sat,00:42:50,39.0,85.0,18,2005-05-28 18:59:00,6.86
Boom Town,Sat,00:43:15,39.0,82.0,18,2005-06-04 19:01:00,7.68
Bad Wolf,Sat,00:42:50,37.9,86.0,19,2005-06-11 19:00:00,6.81
The Parting of the Ways,Sat,00:45:30,44.0,89.0,17,2005-06-18 18:59:00,6.91
The Christmas Invasion,Sun,00:58:55,43.5,84.0,9,2005-12-25 19:02:00,9.84
New Earth,Sat,00:44:05,40.2,85.0,9,2006-04-15 19:16:00,8.62
Tooth and Claw,Sat,00:44:30,42.9,83.0,10,2006-04-22 19:18:00,9.24
School Reunion,Sat,00:44:10,41.6,85.0,12,2006-04-29 19:23:00,8.31
The Girl in the Fireplace,Sat,00:44:40,38.1,84.0,13,2006-05-06 18:59:00,7.9
Rise of the Cybermen,Sat,00:46:05,43.7,86.0,6,2006-05-13 19:23:00,9.22
The Age of Steel,Sat,00:45:50,37.8,86.0,15,2006-05-20 18:38:00,7.64
The Idiot's Lantern,Sat,00:45:10,33.4,84.0,18,2006-05-27 19:00:00,6.76
The Impossible Planet,Sat,00:45:20,41.0,85.0,18,2006-06-03 19:00:00,6.32
The Satan Pit,Sat,00:47:10,38.0,86.0,19,2006-06-10 19:01:00,6.08
Love & Monsters,Sat,00:45:05,39.7,76.0,15,2006-06-17 19:00:00,6.66
Fear Her,Sat,00:43:50,41.2,83.0,20,2006-06-24 19:02:00,7.14
Army of Ghosts,Sat,00:43:20,45.1,86.0,7,2006-07-01 19:01:00,8.19
Doomsday,Sat,00:46:25,44.5,89.0,8,2006-07-08 18:59:00,8.22
The Runaway Bride,Mon,01:00:00,37.9,84.0,10,2006-12-25 19:00:00,9.38
Smith and Jones,Sat,00:44:25,40.7,88.0,9,2007-03-31 19:00:00,8.71
The Shakespeare Code,Sat,00:45:35,36.9,87.0,14,2007-04-07 18:59:00,7.23
Gridlock,Sat,00:44:58,40.4,85.0,7,2007-04-14 19:40:00,8.4
Daleks in Manhattan,Sat,00:46:55,36.4,87.0,18,2007-04-21 18:36:00,6.69
Evolution of the Daleks,Sat,00:46:25,39.2,85.0,17,2007-04-28 18:44:00,6.97
The Lazarus Experiment,Sat,00:43:00,38.8,86.0,12,2007-05-05 19:00:00,7.19
42,Sat,00:45:25,37.1,84.0,16,2007-05-19 19:15:00,7.41
Human Nature,Sat,00:45:00,38.0,86.0,13,2007-05-26 19:11:00,7.74
The Family of Blood,Sat,00:42:55,40.9,86.0,13,2007-06-02 19:12:00,7.21
Blink,Sat,00:43:40,38.4,87.0,16,2007-06-09 19:10:00,6.62
Utopia,Sat,00:45:50,38.2,87.0,14,2007-06-16 19:15:00,7.84
The Sound of Drums,Sat,00:46:10,40.0,87.0,11,2007-06-23 19:15:00,7.51
Last of the Time Lords,Sat,00:51:25,40.6,88.0,10,2007-06-30 19:05:00,8.61
Voyage of the Damned,Tue,01:11:50,51.6,85.0,2,2007-12-25 18:51:00,13.31
Partners in Crime,Sat,00:48:30,41.3,88.0,10,2008-04-05 18:19:00,9.14
The Fires of Pompeii,Sat,00:48:15,38.8,87.0,10,2008-04-12 18:46:00,9.04
Planet of the Ood,Sat,00:43:35,35.2,87.0,12,2008-04-19 18:19:00,7.5
The Sontaran Stratagem,Sat,00:44:30,36.9,87.0,17,2008-04-26 18:19:00,7.06
The Poison Sky,Sat,00:44:40,34.3,88.0,18,2008-05-03 18:19:00,6.53
The Doctor's Daughter,Sat,00:45:10,40.1,88.0,10,2008-05-10 18:44:00,7.33
The Unicorn and the Wasp,Sat,00:44:40,37.8,86.0,7,2008-05-17 18:58:00,8.41
Silence in the Library,Sat,00:43:00,27.7,89.0,27,2008-05-31 19:02:00,6.27
Forest of the Dead,Sat,00:45:20,42.1,89.0,10,2008-06-07 19:00:00,7.84
Midnight,Sat,00:43:50,39.8,86.0,5,2008-06-14 19:10:00,8.05
Turn Left,Sat,00:49:25,38.1,88.0,4,2008-06-21 18:38:00,8.09
The Stolen Earth,Sat,00:45:40,42.1,91.0,2,2008-06-28 19:11:00,8.78
Journey's End,Sat,01:03:05,48.7,91.0,1,2008-07-05 18:40:00,10.57
The Next Doctor,Thu,01:00:40,52.1,86.0,2,2008-12-25 18:00:00,13.1
Planet of the Dead,Sat,00:58:55,41.7,88.0,5,2009-04-11 18:44:00,9.74
The Waters of Mars,Sun,01:02:05,35.3,88.0,5,2009-11-15 18:59:00,10.32
The End of Time: Part One,Fri,00:59:35,44.7,87.0,1,2009-12-25 17:59:00,12.04
The End of Time: Part Two,Fri,01:12:35,40.0,89.0,1,2010-01-01 18:41:00,12.27
The Eleventh Hour,Sat,01:02:35,39.7,86.0,3,2010-04-03 18:21:00,10.08
The Beast Below,Sat,00:41:25,38.9,86.0,10,2010-04-10 18:20:00,8.42
Victory of the Daleks,Sat,00:41:15,37.4,84.0,11,2010-04-17 18:29:00,7.82
The Time of Angels,Sat,00:40:55,41.2,87.0,8,2010-04-24 18:23:00,8.59
Flesh and Stone,Sat,00:41:40,38.2,86.0,11,2010-05-01 18:27:00,8.5
The Vampires of Venice,Sat,00:47:25,34.8,86.0,12,2010-05-08 17:59:00,7.68
Amy's Choice,Sat,00:43:25,37.4,84.0,13,2010-05-15 18:24:00,7.55
The Hungry Earth,Sat,00:42:50,39.8,86.0,19,2010-05-22 18:18:00,6.49
Cold Blood,Sat,00:44:55,31.9,86.0,9,2010-05-29 19:01:00,7.49
Vincent and the Doctor,Sat,00:46:05,35.5,86.0,17,2010-06-05 18:41:00,6.76
The Lodger,Sat,00:41:15,28.5,87.0,20,2010-06-12 18:47:00,6.44
The Pandorica Opens,Sat,00:48:40,37.1,88.0,10,2010-06-19 18:39:00,7.58
The Big Bang,Sat,00:53:40,36.9,89.0,10,2010-06-26 18:06:00,6.7
A Christmas Carol,Sat,01:02:04,41.8,83.0,4,2010-12-25 18:01:00,12.11
The Impossible Astronaut,Sat,00:43:45,43.3,88.0,6,2011-04-23 18:01:00,8.86
Day of the Moon,Sat,00:46:14,36.7,87.0,15,2011-04-30 18:00:00,7.3
The Curse of the Black Spot,Sat,00:44:51,35.5,86.0,11,2011-05-07 18:15:00,7.85
The Doctor's Wife,Sat,00:45:51,34.7,87.0,22,2011-05-14 18:30:00,7.97
The Rebel Flesh,Sat,00:43:19,34.1,85.0,13,2011-05-21 18:45:00,7.35
The Almost People,Sat,00:45:08,29.5,86.0,21,2011-05-28 18:45:00,6.72
A Good Man Goes to War,Sat,00:48:12,31.0,88.0,21,2011-06-04 18:40:00,7.51
Let's Kill Hitler,Sat,00:48:08,33.3,85.0,11,2011-08-27 19:09:00,8.1
Night Terrors,Sat,00:42:34,29.8,86.0,19,2011-09-03 19:01:00,7.07
The Girl Who Waited,Sat,00:46:02,38.8,85.0,13,2011-09-10 19:14:00,7.6
The God Complex,Sat,00:47:54,28.3,86.0,18,2011-09-17 19:11:00,6.77
Closing Time,Sat,00:45:11,29.4,86.0,20,2011-09-24 19:10:00,6.93
The Wedding of River Song,Sat,00:45:22,32.0,86.0,16,2011-10-01 19:05:00,7.67
"The Doctor, The Widow and the Wardrobe",Sun,00:58:22,37.3,84.0,3,2011-12-25 18:59:00,10.77
Asylum of the Daleks,Sat,00:48:50,34.4,89.0,6,2012-09-01 19:21:00,8.33
Dinosaurs on a Spaceship,Sat,00:45:10,31.9,87.0,9,2012-09-08 19:36:00,7.57
A Town Called Mercy,Sat,00:44:10,33.4,85.0,9,2012-09-15 19:36:00,8.42
The Power Of Three,Sat,00:41:15,31.8,87.0,13,2012-09-22 19:31:00,7.67
The Angels Take Manhattan,Sat,00:44:15,32.0,88.0,13,2012-09-29 19:20:00,7.82
The Snowmen,Tue,00:59:44,38.8,87.0,9,2012-12-25 17:14:00,9.87
The Bells of Saint John,Sat,00:45:24,35.8,87.0,8,2013-03-30 18:14:00,8.44
The Rings of Akhaten,Sat,00:43:44,34.8,84.0,16,2013-04-06 18:15:00,7.45
Cold War,Sat,00:41:37,31.4,84.0,15,2013-04-13 18:03:00,7.37
Hide,Sat,00:44:44,29.2,85.0,19,2013-04-20 18:44:00,6.61
Journey to the Centre of the TARDIS,Sat,00:44:42,30.2,85.0,21,2013-04-27 18:29:00,6.52
The Crimson Horror,Sat,00:44:40,31.5,85.0,20,2013-05-04 18:29:00,6.47
Nightmare in Silver,Sat,00:44:32,27.1,84.0,22,2013-05-11 19:01:00,6.64
The Name of the Doctor,Sat,00:44:20,31.7,88.0,10,2013-05-18 18:59:00,7.45
The Day of The Doctor,Sat,01:16:44,40.9,88.0,1,2013-11-23 19:50:00,12.8
The Time of the Doctor,Wed,01:01:00,35.3,83.0,3,2013-12-25 19:30:00,11.14
Deep Breath,Sat,01:16:26,37.9,82.0,2,2014-08-23 19:52:00,9.17
Into the Dalek,Sat,00:45:00,30.4,84.0,9,2014-08-30 19:30:00,7.29
Robot Of Sherwood,Sat,00:46:16,31.1,82.0,10,2014-09-06 19:31:00,7.28
Listen,Sat,00:47:50,29.6,82.0,7,2014-09-13 19:31:00,7.01
Time Heist,Sat,00:45:22,29.6,84.0,14,2014-09-20 19:33:00,6.99
The Caretaker,Sat,00:45:20,26.4,83.0,20,2014-09-27 20:29:00,6.82
Kill The Moon,Sat,00:45:00,26.6,82.0,20,2014-10-04 20:29:00,6.91
Mummy On The Orient Express,Sat,00:46:30,26.6,85.0,14,2014-10-11 20:37:00,7.11
Flatline,Sat,00:43:20,25.5,85.0,23,2014-10-18 20:24:00,6.71
In The Forest Of The Night,Sat,00:45:10,26.3,83.0,20,2014-10-25 20:19:00,6.92
Dark Water,Sat,00:46:25,27.4,85.0,15,2014-11-01 20:15:00,7.34
Death in Heaven,Sat,00:57:00,28.6,83.0,14,2014-11-08 20:02:00,7.6
Last Christmas,Thu,01:00:15,31.6,82.0,7,2014-12-25 18:14:00,8.28
The Magician's Apprentice,Sat,00:46:22,26.3,84.0,13,2015-09-19 19:43:00,6.54
The Witch's Familiar,Sat,00:47:50,22.9,83.0,24,2015-09-26 19:45:00,5.71
Under the Lake,Sat,00:43:20,22.0,84.0,22,2015-10-03 20:26:00,5.63
Before The Flood,Sat,00:42:25,26.7,82.0,21,2015-10-10 20:26:00,6.05
The Girl Who Died,Sat,00:45:45,28.1,82.0,18,2015-10-17 20:23:00,6.56
The Woman Who Lived,Sat,00:45:50,24.4,81.0,25,2015-10-24 20:21:00,6.11
The Zygon Invasion,Sat,00:46:30,24.3,82.0,24,2015-10-31 20:17:00,5.76
The Zygon Inversion,Sat,00:46:20,25.1,84.0,24,2015-11-07 20:00:00,6.03
Sleep No More,Sat,00:45:07,22.6,78.0,28,2015-11-14 20:14:00,5.61
Face The Raven,Sat,00:46:55,23.9,84.0,30,2015-11-21 20:10:00,6.06
Heaven Sent,Sat,00:54:02,24.9,80.0,27,2015-11-28 20:06:00,6.19
Hell Bent,Sat,01:00:25,25.7,82.0,29,2015-12-05 20:04:00,6.17
The Husbands of River Song,Fri,00:56:09,33.9,82.0,8,2015-12-25 17:17:00,7.69
The Return Of Doctor Mysterio,Sun,01:00:25,31.2,82.0,9,2016-12-25 17:44:00,7.83
The Pilot,Sat,00:49:40,30.6,83.0,10,2017-04-15 19:21:00,6.68
Smile,Sat,00:45:35,28.5,83.0,23,2017-04-22 19:21:00,5.98
Thin Ice,Sat,00:44:10,26.5,84.0,25,2017-04-29 19:23:00,5.61
Knock Knock,Sat,00:44:28,27.3,83.0,21,2017-05-06 19:21:00,5.73
Oxygen,Sat,00:44:45,26.1,83.0,26,2017-05-13 19:14:00,5.27
Extremis,Sat,00:48:44,26.4,82.0,20,2017-05-20 19:27:00,5.53
The Pyramid At The End Of The World,Sat,00:46:04,24.9,82.0,14,2017-05-27 19:51:00,5.79
The Lie Of The Land,Sat,00:44:38,20.3,82.0,30,2017-06-03 19:38:00,4.82
Empress Of Mars,Sat,00:43:42,25.9,83.0,23,2017-06-10 19:17:00,5.02
The Eaters of Light,Sat,00:42:20,30.3,81.0,26,2017-06-17 18:45:00,4.73
World Enough And Time,Sat,00:45:41,28.2,85.0,21,2017-06-24 18:45:00,5.0
The Doctor Falls,Sat,01:00:27,31.3,83.0,16,2017-07-01 18:31:00,5.3
Twice Upon A Time,Mon,00:59:50,34.0,81.0,9,2017-12-25 17:28:00,7.92
The Woman Who Fell to Earth,Sun,01:03:04,45.1,83.0,1,2018-10-07 18:45:00,10.96
The Ghost Monument,Sun,00:48:47,37.2,82.0,4,2018-10-14 18:55:00,9.0
Rosa,Sun,00:49:38,33.6,83.0,4,2018-10-21 18:55:00,8.41
Arachnids In The UK,Sun,00:49:22,32.9,83.0,4,2018-10-28 19:00:00,8.22
The Tsuranga Conundrum,Sun,00:50:41,33.0,79.0,6,2018-11-04 18:59:00,7.76
Demons Of The Punjab,Sun,00:50:05,31.4,80.0,8,2018-11-11 19:01:00,7.48
Kerblam!,Sun,00:48:50,31.8,81.0,9,2018-11-18 18:30:00,7.46
The Witchfinders,Sun,00:46:31,31.5,81.0,17,2018-11-25 18:30:00,7.21
It Takes You Away,Sun,00:49:11,28.3,80.0,22,2018-12-02 18:31:00,6.42
The Battle of Ranskoor Av Kolos,Sun,00:49:40,29.6,79.0,18,2018-12-09 18:25:00,6.65
Resolution,Tue,00:59:58,26.6,80.0,14,2019-01-01 19:00:00,7.13
Spyfall: Part One,Wed,00:59:50,25.7,82.0,8,2020-01-01 18:57:00,6.89
Spyfall: Part Two,Sun,01:00:30,26.2,82.0,16,2020-01-05 18:59:00,6.07
Orphan 55,Sun,00:46:33,23.7,77.0,25,2020-01-12 19:12:00,5.38
Nikola Tesla's Night of Terror,Sun,00:50:39,22.9,79.0,28,2020-01-19 19:11:00,5.2
Fugitive of the Judoon,Sun,00:49:40,24.5,83.0,23,2020-01-26 19:10:00,5.57
Praxeus,Sun,00:49:52,23.5,78.0,28,2020-02-02 19:11:00,5.22
Can You Hear Me?,Sun,00:49:15,21.6,78.0,35,2020-02-09 19:10:00,4.9
The Haunting Of Villa Diodati,Sun,00:49:41,22.9,80.0,31,2020-02-16 19:10:00,5.07
Ascension of the Cybermen,Sun,00:49:24,22.6,81.0,25,2020-02-23 19:10:00,4.99
The Timeless Children,Sun,01:05:45,21.5,82.0,30,2020-03-01 18:53:00,4.69
Revolution of the Daleks,Fri,01:11:00,25.1,79.0,10,2021-01-01 18:44:00,6.36
The Halloween Apocalypse: Flux: Chapter One,Sun,00:49:55,26.9,76.0,8,2021-10-31 18:26:00,5.81
War of The Sontarans: Flux: Chapter Two,Sun,00:59:24,,77.0,13,2021-11-07 18:16:00,5.13
"Once, Upon Time: Flux: Chapter Three",Sun,00:49:03,,75.0,20,2021-11-14 18:30:00,4.7
Village of the Angels: Flux: Chapter Four,Sun,00:56:35,,79.0,19,2021-11-21 18:19:00,4.57
Survivors of the Flux: Flux: Chapter Five,Sun,00:50:34,,77.0,22,2021-11-28 18:26:00,4.87
The Vanquishers: Flux: Chapter Six,Sun,00:59:16,20.7,76.0,22,2021-12-05 18:22:00,4.68
Eve Of The Daleks,Sat,00:58:15,21.2,77.0,26,2022-01-01 19:01:00,4.4
Legend Of The Sea Devils,Sun,00:47:38,20.6,76.0,25,2022-04-17 19:10:00,3.47
The Power of the Doctor,Sun,01:27:38,27.0,82.0,5,2022-10-23 19:33:00,5.3
