MP name,Party,Office,Staffing,Windup,Accommodation,Travel,Other,Total
Diane Abbott,Labour,9879.61,37.6,0.0,0.0,0.0,0.0,9917.21
Debbie Abrahams,Labour,7011.08,0.0,0.0,7726.22,0.0,0.0,14737.3
Nigel Adams,Conservative,1797.64,3050.0,0.0,7100.0,99.0,0.0,12046.64
Bim Afolami,Conservative,10929.49,0.0,0.0,4506.0,0.0,0.0,15435.49
Adam Afriyie,Conservative,0.0,3047.0,0.0,0.0,0.0,0.0,3047.0
Imran Ahmad-Khan,Conservative,34473.52,4440.0,0.0,6500.0,282.48,0.0,45696.0
Nickie Aiken,Conservative,14218.99,6131.8,0.0,0.0,0.0,0.0,20350.79
Peter Aldous,Conservative,11609.71,0.0,0.0,1434.0,1456.0,0.0,14499.71
Rushanara Ali,Labour,10124.02,3600.0,0.0,0.0,0.0,0.0,13724.02
Tahir Ali,Labour,1377.93,0.0,0.0,0.0,0.0,0.0,1377.93
Lucy Allan,Conservative,8931.26,438.6,0.0,5621.75,142.0,0.0,15133.61
Rosena Allin-Khan,Labour,11082.45,8610.0,0.0,0.0,57.42,0.0,19749.87
Mike Amesbury,Labour,7039.96,0.0,0.0,6054.79,2170.3,0.0,15265.05
David Amess,Conservative,9648.31,0.0,0.0,0.0,2059.5,0.0,11707.81
Fleur Anderson,Labour,6613.5,4927.2,0.0,0.0,0.0,0.0,11540.7
Lee Anderson,Conservative,11924.08,3049.0,0.0,6699.28,1623.05,0.0,23295.41
Stuart Anderson,Conservative,7999.17,7265.6,0.0,6842.95,1104.87,0.0,23212.59
Stuart Andrew,Conservative,5497.06,3097.0,0.0,7000.0,707.7,500.02,16801.78
Caroline Ansell,Conservative,2262.14,18649.0,0.0,0.0,2601.9,0.0,23513.04
Tonia Antoniazzi,Labour,8206.0,0.0,0.0,5568.25,884.3,0.0,14658.55
Edward Argar,Conservative,1218.15,3047.0,0.0,6507.96,0.0,0.0,10773.11
Jonathan Ashworth,Labour,2401.68,3600.0,0.0,7436.74,1381.5,0.0,14819.92
Sarah Atherton,Conservative,10098.18,3487.6,0.0,5286.79,1190.76,0.0,20063.33
Victoria Atkins,Conservative,1195.76,3047.0,0.0,3750.0,0.0,0.0,7992.76
Gareth Bacon,Conservative,3698.97,3049.0,0.0,0.0,0.0,0.0,6747.97
Richard Bacon,Conservative,11492.91,3450.0,0.0,4827.74,1088.55,0.0,20859.2
Kemi Badenoch,Conservative,8664.77,1477.5,0.0,4161.9,0.0,330.0,14634.17
Shaun Bailey,Conservative,14202.36,360.0,0.0,6803.03,1227.77,0.0,22593.16
Siobhan Baillie,Conservative,4504.54,3049.0,0.0,4847.29,0.0,0.0,12400.83
Duncan Baker,Conservative,1396.47,7267.61,0.0,7500.0,606.6,0.0,16770.68
Steve Baker,Conservative,7748.82,0.0,0.0,97.0,135.5,0.0,7981.32
Harriett Baldwin,Conservative,5712.84,3050.0,0.0,1230.69,1043.55,0.0,11037.08
Stephen Barclay,Conservative,7229.08,284.04,0.0,0.0,160.8,0.0,7673.92
Hannah Bardell,Scottish National Party,5603.0,65.99,0.0,5806.37,240.9,0.0,11716.26
Paula Barker,Labour,5400.0,0.0,0.0,10946.68,590.8,0.0,16937.48
John Baron,Conservative,3069.46,0.0,0.0,0.0,0.0,0.0,3069.46
Simon Baynes,Conservative,10035.58,0.0,0.0,0.0,1591.2,0.0,11626.78
Margaret Beckett,Labour,1225.14,0.0,0.0,0.0,936.0,0.0,2161.14
Órfhlaith Begley,Sinn Féin,6993.26,0.0,0.0,0.0,0.0,0.0,6993.26
Apsana Begum,Labour,8305.46,0.0,0.0,0.0,0.0,0.0,8305.46
Aaron Bell,Conservative,12909.25,2193.0,0.0,0.0,3217.81,0.0,18320.06
Hilary Benn,Labour,3731.49,0.0,0.0,1473.15,274.5,0.0,5479.14
Scott Benton,Conservative,6318.44,3049.0,0.0,6177.61,2771.0,0.0,18316.05
Paul Beresford,Conservative,2651.63,4432.0,0.0,0.0,133.65,0.0,7217.28
Jake Berry,Conservative,4933.76,3050.0,0.0,6759.84,674.55,0.0,15418.15
Clive Betts,Labour,4881.57,0.0,0.0,4458.48,0.0,0.0,9340.05
Saqib Bhatti,Conservative,5783.88,3049.0,0.0,8108.48,1151.4,0.0,18092.76
Mhairi Black,Scottish National Party,3189.56,0.0,0.0,4644.35,50.85,0.0,7884.76
Ian Blackford,Scottish National Party,5288.41,5550.0,0.0,8369.91,-1507.49,0.0,17700.83
Bob Blackman,Conservative,16826.18,3050.0,0.0,0.0,82.55,0.0,19958.73
Kirsty Blackman,Scottish National Party,3670.32,0.0,0.0,9139.95,0.0,0.0,12810.27
Olivia Blake,Labour,4293.27,3600.0,0.0,7366.68,314.79,0.0,15574.74
Paul Blomfield,Labour,1397.95,0.0,0.0,5370.0,0.0,0.0,6767.95
Crispin Blunt,Conservative,12002.64,0.0,0.0,0.0,279.45,0.0,12282.09
Peter Bone,Conservative,8304.9,0.0,0.0,7893.06,1105.5,0.0,17303.46
Steven Bonnar,Scottish National Party,5714.65,240.0,0.0,5020.0,0.0,0.0,10974.65
Peter Bottomley,Conservative,5739.91,0.0,0.0,0.0,0.0,0.0,5739.91
Andrew Bowie,Conservative,8933.74,0.0,0.0,5268.04,4138.02,0.0,18339.8
Tracy Brabin,Labour,12485.63,0.0,0.0,3043.07,908.5,0.0,16437.2
Ben Bradley,Conservative,8440.18,0.0,0.0,11306.01,963.22,0.0,20709.41
Karen Bradley,Conservative,5175.27,3056.0,0.0,14000.0,1501.1,0.0,23732.37
Ben Bradshaw,Labour,5122.91,3600.0,0.0,4670.33,0.0,0.0,13393.24
Mickey Brady,Sinn Féin,6303.4,0.0,0.0,350.0,0.0,0.0,6653.4
Graham Brady,Conservative,4946.59,0.0,0.0,3422.5,3635.67,0.0,12004.76
Suella Braverman,Conservative,12207.67,3050.0,0.0,1078.27,184.01,0.0,16519.95
Kevin Brennan,Labour,5263.71,0.0,0.0,5029.07,969.65,0.0,11262.43
Jack Brereton,Conservative,13958.42,5847.0,0.0,5642.55,2092.9,0.0,27540.87
Andrew Bridgen,Conservative,11193.56,5050.0,0.0,9722.35,422.95,0.0,26388.86
Steve Brine,Conservative,9066.27,3050.0,0.0,175.0,592.3,0.0,12883.57
Paul Bristow,Conservative,7687.85,6729.0,0.0,4500.0,2232.74,0.0,21149.59
Sara Britcliffe,Conservative,3221.97,3650.0,0.0,5359.5,2173.9,0.0,14405.37
Deidre Brock,Scottish National Party,6643.61,0.0,0.0,5874.59,831.0,0.0,13349.2
James Brokenshire,Conservative,1542.08,3050.0,0.0,0.0,0.0,0.0,4592.08
Alan Brown,Scottish National Party,6026.24,5550.0,0.0,3411.86,1223.42,0.0,16211.52
Nicholas Brown,Labour,3575.49,0.0,0.0,2901.27,1325.5,0.0,7802.26
Lyn Brown,Labour,4807.12,0.0,0.0,0.0,0.0,0.0,4807.12
Anthony Browne,Conservative,15889.65,3049.0,0.0,0.0,902.66,0.0,19841.31
Fiona Bruce,Conservative,17961.97,1000.0,0.0,1648.45,1938.1,0.0,22548.52
Chris Bryant,Labour,7458.43,0.0,0.0,5409.32,980.42,0.0,13848.17
Felicity Buchan,Conservative,10025.53,0.0,0.0,0.0,0.0,0.0,10025.53
Karen Buck,Labour,4287.45,3600.0,0.0,0.0,0.0,0.0,7887.45
Robert Buckland,Conservative,7741.73,4747.0,0.0,5000.32,246.45,0.0,17735.5
Alex Burghart,Conservative,2400.72,3073.0,0.0,0.0,0.0,0.0,5473.72
Richard Burgon,Labour,12184.75,0.0,0.0,7610.34,0.0,0.0,19795.09
Conor Burns,Conservative,8400.75,0.0,0.0,5452.2,294.3,0.0,14147.25
Dawn Butler,Labour,7355.92,0.0,0.0,0.0,0.0,341.99,7697.91
Rob Butler,Conservative,3505.86,0.0,0.0,1900.0,367.2,0.0,5773.06
Ian Byrne,Labour,3908.47,0.0,0.0,9207.89,528.5,0.0,13644.86
Liam Byrne,Labour,6400.64,1800.0,0.0,4652.0,426.08,0.0,13278.72
Ruth Cadbury,Labour,9771.54,0.0,0.0,0.0,0.0,0.0,9771.54
Alun Cairns,Conservative,10428.45,3080.0,0.0,6489.9,1176.72,131.14,21306.21
Amy Callaghan,Scottish National Party,9105.87,5550.0,0.0,6206.68,165.9,0.0,21028.45
Lisa Cameron,Scottish National Party,13844.1,198.27,0.0,8014.52,1494.27,0.0,23551.16
Gregory Campbell,Democratic Unionist Party,1298.21,0.0,0.0,7573.21,0.0,0.0,8871.42
Alan Campbell,Labour,4525.14,3600.0,0.0,4424.14,1517.4,0.0,14066.68
Dan Carden,Labour,6282.37,0.0,0.0,6149.4,0.0,0.0,12431.77
Alistair Carmichael,Liberal Democrat,6680.51,7329.4,0.0,3982.0,-548.38,0.0,17443.53
Andy Carter,Conservative,26760.22,3929.2,0.0,5855.01,371.1,0.0,36915.53
James Cartlidge,Conservative,5383.24,0.0,0.0,9328.34,1130.5,0.0,15842.08
Bill Cash,Conservative,11219.26,756.0,0.0,7670.0,1468.45,0.0,21113.71
Miriam Cates,Conservative,11568.7,0.0,0.0,11834.98,2984.36,0.0,26388.04
Maria Caulfield,Conservative,6478.63,3047.0,0.0,0.0,52.5,0.0,9578.13
Alex Chalk,Conservative,853.27,3047.0,0.0,962.99,650.1,0.0,5513.36
Wendy Chamberlain,Liberal Democrat,2368.75,5575.0,0.0,5979.99,76.82,0.0,14000.56
Sarah Champion,Labour,5900.72,3600.0,0.0,7272.44,7.5,0.0,16780.66
Douglas Chapman,Scottish National Party,8423.34,6200.01,0.0,0.0,875.0,0.0,15498.35
Bambos Charalambous,Labour,7192.36,0.0,0.0,0.0,0.0,2000.0,9192.36
Joanna Cherry,Scottish National Party,2541.04,313.68,0.0,5580.0,1888.68,0.0,10323.4
Rehman Chishti,Conservative,1327.9,3050.0,0.0,525.0,525.0,0.0,5427.9
Christopher Chope,Conservative,7286.47,0.0,0.0,0.0,508.5,0.0,7794.97
Jo Churchill,Conservative,4352.06,3047.0,0.0,5700.0,163.7,0.0,13262.76
Feryal Clark,Labour,5674.37,8700.0,0.0,0.0,0.0,0.0,14374.37
Greg Clark,Conservative,6759.56,0.0,0.0,7080.0,619.65,0.0,14459.21
Simon Clarke,Conservative,10932.89,0.0,0.0,8580.0,247.33,0.0,19760.22
Theo Clarke,Conservative,11474.59,0.0,0.0,3200.0,0.0,0.0,14674.59
Brendan Clarke-Smith,Conservative,9580.81,2000.0,0.0,1400.0,3826.18,0.0,16806.99
Chris Clarkson,Conservative,5402.97,0.0,0.0,5167.5,197.4,0.0,10767.87
James Cleverly,Conservative,3647.0,0.0,0.0,5494.22,0.0,0.0,9141.22
Geoffrey Clifton-Brown,Conservative,4078.12,0.0,0.0,1563.82,815.63,0.0,6457.57
Therese Coffey,Conservative,4085.53,0.0,0.0,5655.0,20.5,0.0,9761.03
Elliot Colburn,Conservative,21845.23,0.0,0.0,0.0,30.4,0.0,21875.63
Damian Collins,Conservative,4464.71,0.0,0.0,11983.09,62.1,0.0,16509.9
Daisy Cooper,Liberal Democrat,5072.85,5575.0,0.0,0.0,0.0,0.0,10647.85
Rosie Cooper,Labour,6652.41,3600.0,0.0,3823.42,137.7,0.0,14213.53
Yvette Cooper,Labour,7341.27,0.0,0.0,0.0,1315.09,0.0,8656.36
Jeremy Corbyn,Independent,5688.79,0.0,0.0,0.0,0.0,0.0,5688.79
Alberto Costa,Conservative,680.62,3047.0,0.0,8047.45,928.63,0.0,12703.7
Robert Courts,Conservative,11087.15,0.0,0.0,7193.32,467.68,0.0,18748.15
Claire Coutinho,Conservative,4360.67,0.0,0.0,0.0,38.3,0.0,4398.97
Ronnie Cowan,Scottish National Party,6249.46,0.0,0.0,5531.02,18.0,0.0,11798.48
Geoffrey Cox,Conservative,3813.28,3047.0,0.0,7600.0,1129.44,0.0,15589.72
Neil Coyle,Labour,2209.79,0.0,0.0,0.0,118.94,0.0,2328.73
Stephen Crabb,Conservative,7476.03,0.0,0.0,8164.76,590.95,0.0,16231.74
Angela Crawley,Scottish National Party,4493.7,5550.0,0.0,0.0,23.1,0.0,10066.8
Stella Creasy,Labour,7712.82,0.0,0.0,0.0,0.0,0.0,7712.82
Virginia Crosbie,Conservative,16127.53,8325.0,0.0,7993.08,1708.16,41.72,34195.49
Tracey Crouch,Conservative,7256.85,0.0,0.0,0.0,1050.0,0.0,8306.85
Jon Cruddas,Labour,12846.4,840.0,0.0,0.0,0.0,0.0,13686.4
John Cryer,Labour,6673.97,0.0,0.0,0.0,0.0,0.0,6673.97
Judith Cummins,Labour,573.36,3600.0,0.0,7410.16,-132.77,0.0,11450.75
Alex Cunningham,Labour,9523.26,0.0,0.0,5135.97,2110.82,0.0,16770.05
Janet Daby,Labour,8432.04,116.16,0.0,0.0,0.0,0.0,8548.2
James Daly,Conservative,7039.59,3049.0,0.0,10400.0,2177.05,0.0,22665.64
Edward Davey,Liberal Democrat,8175.0,0.0,0.0,0.0,0.0,0.0,8175.0
Wayne David,Labour,10477.57,0.0,0.0,2275.0,2065.8,0.0,14818.37
David Davies,Conservative,5078.28,3047.0,0.0,2100.0,2211.28,0.0,12436.56
James Davies,Conservative,6686.29,3049.0,0.0,175.0,3413.77,0.0,13324.06
Gareth Davies,Conservative,6649.62,0.0,0.0,0.0,1017.45,0.0,7667.07
Geraint Davies,Labour,10867.49,0.0,0.0,5303.41,186.8,480.0,16837.7
Mims Davies,Conservative,8147.53,1327.2,0.0,0.0,489.35,0.0,9964.08
Mims Davies,Conservative,0.0,3047.0,14.17,0.0,86.94,0.0,3148.11
Philip Davies,Conservative,6744.74,0.0,0.0,5715.7,187.0,0.0,12647.44
Alex Davies-Jones,Labour,10818.94,5999.99,0.0,8030.31,1197.9,0.0,26047.14
David Davis,Conservative,12020.15,0.0,0.0,5752.5,278.08,0.0,18050.73
Dehenna Davison,Conservative,14420.39,2000.0,0.0,5720.01,1228.49,0.0,23368.89
Martyn Day,Scottish National Party,4683.64,0.0,0.0,7028.59,0.0,0.0,11712.23
Marsha De Cordova,Labour,5106.72,3600.0,0.0,0.0,70.49,0.0,8777.21
Thangam Debbonaire,Labour,6997.59,0.0,0.0,7735.36,325.4,0.0,15058.35
Tanmanjeet Singh Dhesi,Labour,16197.97,0.0,0.0,0.0,0.0,0.0,16197.97
Caroline Dinenage,Conservative,13475.05,3065.0,0.0,10470.86,244.26,0.0,27255.17
Sarah Dines,Conservative,9758.33,0.0,0.0,0.0,1054.05,0.0,10812.38
Jonathan Djanogly,Conservative,4894.66,3047.0,0.0,0.0,438.05,0.0,8379.71
Leo Docherty,Conservative,8557.67,3047.0,0.0,6788.12,188.7,0.0,18581.49
Martin Docherty-Hughes,Scottish National Party,3858.16,0.0,0.0,21095.12,1187.38,0.0,26140.66
Anneliese Dodds,Labour,3869.01,0.0,0.0,-1768.99,0.0,0.0,2100.02
Jeffrey Donaldson,Democratic Unionist Party,6728.13,0.0,0.0,4549.77,0.0,0.0,11277.9
Michelle Donelan,Conservative,10895.94,0.0,0.0,5345.32,0.0,0.0,16241.26
Dave Doogan,Scottish National Party,2034.76,0.0,0.0,0.0,3178.48,0.0,5213.24
Allan Dorans,Scottish National Party,4726.12,5550.0,0.0,0.0,306.3,0.0,10582.42
Nadine Dorries,Conservative,8509.82,0.0,0.0,7626.68,0.0,0.0,16136.5
Steve Double,Conservative,7863.02,0.0,0.0,6425.34,2943.4,0.0,17231.76
Stephen Doughty,Labour,10525.7,3600.0,0.0,7517.1,1144.72,0.0,22787.52
Peter Dowd,Labour,6016.42,12766.6,0.0,350.0,375.0,0.0,19508.02
Oliver Dowden,Conservative,8088.94,0.0,0.0,0.0,15.2,0.0,8104.14
Jackie Doyle-Price,Conservative,11291.17,0.0,0.0,0.0,274.6,0.0,11565.77
Richard Drax,Conservative,7186.31,0.0,0.0,0.0,392.4,0.0,7578.71
Jack Dromey,Labour,8468.35,0.0,0.0,3507.48,242.9,0.0,12218.73
Flick Drummond,Conservative,9794.82,2400.0,0.0,0.0,0.0,0.0,12194.82
James Duddridge,Conservative,7053.92,3050.0,0.0,0.0,237.6,980.0,11321.52
Rosie Duffield,Labour,10868.32,3600.0,0.0,9451.68,0.0,0.0,23920.0
David Duguid,Conservative,8625.56,0.0,0.0,10374.21,3831.77,0.0,22831.54
Iain Duncan Smith,Conservative,14606.48,0.0,0.0,0.0,781.65,0.0,15388.13
Philip Dunne,Conservative,6968.95,0.0,0.0,0.0,261.85,0.0,7230.8
Maria Eagle,Labour,6392.94,0.0,0.0,3049.46,340.05,0.0,9782.45
Angela Eagle,Labour,8110.04,0.0,0.0,2143.72,138.0,0.0,10391.76
Colum Eastwood,Social Democratic & Labour Party,2028.2,0.0,0.0,7875.0,0.0,0.0,9903.2
Mark Eastwood,Conservative,14380.2,0.0,0.0,10249.86,196.07,0.0,24826.13
Jonathan Edwards,Independent,2844.13,0.0,0.0,2975.0,1181.77,0.0,7000.9
Ruth Edwards,Conservative,15719.08,5758.0,0.0,4029.99,399.61,0.0,25906.68
Clive Efford,Labour,4184.15,877.2,0.0,0.0,156.0,0.0,5217.35
Julie Elliott,Labour,3912.53,0.0,0.0,5810.34,271.35,4318.0,14312.22
Michael Ellis,Conservative,1326.26,0.0,0.0,7431.6,0.0,0.0,8757.86
Tobias Ellwood,Conservative,6263.56,0.0,0.0,8400.0,31.0,0.0,14694.56
Christopher Elmore,Labour,9047.2,3970.0,0.0,6433.98,1724.7,0.0,21175.88
Natalie Elphicke,Conservative,4283.21,3049.0,0.0,14761.26,0.0,0.0,22093.47
Florence Eshalomi,Labour,12166.24,0.0,0.0,0.0,0.0,0.0,12166.24
Bill Esterson,Labour,3608.27,0.0,0.0,700.0,1865.3,0.0,6173.57
George Eustice,Conservative,6419.96,0.0,0.0,3750.0,0.0,0.0,10169.96
Chris Evans,Labour,2377.57,0.0,0.0,115.34,1726.3,0.0,4219.21
Luke Evans,Conservative,5265.73,3049.0,0.0,7600.0,88.0,0.0,16002.73
Nigel Evans,Conservative,7173.79,3047.0,0.0,6817.77,2282.32,0.0,19320.88
David Evennett,Conservative,2025.14,0.0,0.0,0.0,43.8,0.0,2068.94
Ben Everitt,Conservative,7151.07,0.0,0.0,13389.03,160.8,0.0,20700.9
Michael Fabricant,Conservative,3349.54,5047.0,0.0,2823.08,10.0,0.0,11229.62
Laura Farris,Conservative,6963.27,3049.0,0.0,0.0,2335.07,0.0,12347.34
Tim Farron,Liberal Democrat,16291.51,0.0,0.0,6935.06,2561.97,0.0,25788.54
Stephen Farry,Alliance,12334.0,0.0,0.0,1400.0,0.0,0.0,13734.0
Simon Fell,Conservative,18911.67,3052.0,0.0,4142.52,2888.24,0.0,28994.43
Marion Fellows,Scottish National Party,6610.96,5550.0,0.0,7367.2,194.0,0.0,19722.16
Margaret Ferrier,Independent,5687.95,0.0,0.0,875.0,350.0,0.0,6912.95
John Finucane,Sinn Féin,8235.61,0.0,0.0,700.0,0.0,0.0,8935.61
Colleen Fletcher,Labour,1139.9,0.0,0.0,5213.25,963.0,0.0,7316.15
Katherine Fletcher,Conservative,12605.19,3049.0,0.0,6871.25,893.95,0.0,23419.39
Mark Fletcher,Conservative,8539.24,0.0,0.0,5730.0,273.33,0.0,14542.57
Nick Fletcher,Conservative,4540.53,3052.0,0.0,700.0,2282.69,0.0,10575.22
Stephen Flynn,Scottish National Party,7077.88,5550.0,0.0,9031.85,2175.68,0.0,23835.41
Vicky Ford,Conservative,5893.27,3400.0,0.0,5654.54,295.2,0.0,15243.01
Kevin Foster,Conservative,11082.05,0.0,0.0,5685.0,735.8,0.0,17502.85
Yvonne Fovargue,Labour,4797.27,3600.0,0.0,5720.01,186.5,0.0,14303.78
Liam Fox,Conservative,4422.76,0.0,0.0,8666.64,1245.4,0.0,14334.8
Vicky Foxcroft,Labour,9969.82,0.0,0.0,0.0,0.0,0.0,9969.82
Mary Foy,Labour,8165.09,0.0,0.0,10964.04,1126.33,0.0,20255.46
Mark Francois,Conservative,1016.99,7047.0,0.0,770.0,285.0,0.0,9118.99
Lucy Frazer,Conservative,8114.84,0.0,0.0,0.0,0.0,0.0,8114.84
George Freeman,Conservative,9901.41,0.0,0.0,3041.68,0.0,0.0,12943.09
Mike Freer,Conservative,7097.41,0.0,0.0,0.0,0.0,0.0,7097.41
Richard Fuller,Conservative,6857.97,0.0,0.0,7193.32,462.06,0.0,14513.35
Gill Furniss,Labour,7619.4,0.0,0.0,6193.72,460.48,0.0,14273.6
Marcus Fysh,Conservative,15146.01,3065.0,0.0,11512.02,0.0,0.0,29723.03
Roger Gale,Conservative,9283.56,0.0,0.0,2508.63,0.0,0.0,11792.19
Barry Gardiner,Labour,3852.0,0.0,0.0,0.0,0.0,0.0,3852.0
Mark Garnier,Conservative,5969.23,0.0,0.0,6729.77,600.53,0.0,13299.53
Nusrat Ghani,Conservative,8235.47,3470.0,0.0,5062.8,12.6,0.0,16780.87
Nick Gibb,Conservative,6740.78,0.0,0.0,4521.77,0.0,0.0,11262.55
Patricia Gibson,Scottish National Party,7299.04,5550.0,0.0,7342.74,2914.39,0.0,23106.17
Peter Gibson,Conservative,21654.0,7241.57,0.0,7106.68,363.0,0.0,36365.25
Jo Gideon,Conservative,10105.01,0.0,0.0,7774.73,293.5,0.0,18173.24
Michelle Gildernew,Sinn Féin,7872.35,0.0,0.0,0.0,0.0,0.0,7872.35
Preet Gill,Labour,7902.77,0.0,0.0,10904.11,531.0,0.0,19337.88
Cheryl Gillan,Conservative,10284.03,64.0,0.0,3392.62,0.0,0.0,13740.65
Paul Girvan,Democratic Unionist Party,7907.44,0.0,0.0,0.0,409.0,0.0,8316.44
John Glen,Conservative,8102.14,2000.0,0.0,4587.55,1024.9,0.0,15714.59
Mary Glindon,Labour,7611.35,0.0,0.0,1895.1,428.3,0.0,9934.75
Robert Goodwill,Conservative,3648.38,3056.0,0.0,0.0,2283.4,0.0,8987.78
Michael Gove,Conservative,5135.13,0.0,0.0,0.0,0.0,0.0,5135.13
Patrick Grady,Scottish National Party,4976.04,5550.0,0.0,6843.91,1748.12,0.0,19118.07
Richard Graham,Conservative,3372.63,3050.0,0.0,8168.41,230.4,0.0,14821.44
Helen Grant,Conservative,5107.42,3047.0,0.0,4341.98,0.0,0.0,12496.4
Peter Grant,Scottish National Party,6752.47,5558.0,0.0,0.0,0.0,0.0,12310.47
James Gray,Conservative,6648.33,0.0,0.0,6716.25,360.0,0.0,13724.58
Neil Gray,Scottish National Party,4831.08,5550.0,0.0,8337.32,220.0,0.0,18938.4
Chris Grayling,Conservative,3915.74,3047.0,0.0,0.0,0.0,0.0,6962.74
Chris Green,Conservative,7771.1,5047.0,0.0,0.0,2640.57,0.0,15458.67
Damian Green,Conservative,7340.9,64.0,0.0,1566.35,159.4,0.0,9130.65
Kate Green,Labour,5489.44,0.0,0.0,1106.5,976.83,0.0,7572.77
Lilian Greenwood,Labour,3128.01,3600.0,0.0,5224.98,24.26,0.0,11977.25
Margaret Greenwood,Labour,14164.03,3600.0,0.0,7517.84,844.34,0.0,26126.21
Andrew Griffith,Conservative,6379.0,3049.0,0.0,0.0,351.9,0.0,9779.9
Nia Griffith,Labour,11749.71,0.0,0.0,0.0,327.3,213.0,12290.01
Kate Griffiths,Conservative,5759.58,0.0,0.0,0.0,0.0,0.0,5759.58
James Grundy,Conservative,6935.3,3937.6,0.0,0.0,2839.55,0.0,13712.45
Jonathan Gullis,Conservative,14486.49,3049.0,0.0,6000.0,0.0,0.0,23535.49
Andrew Gwynne,Labour,3598.55,0.0,0.0,5044.68,0.0,0.0,8643.23
Louise Haigh,Labour,11567.01,210.0,0.0,6285.46,1195.68,0.0,19258.15
Robert Halfon,Conservative,5407.61,3050.0,0.0,0.0,63.74,0.0,8521.35
Luke Hall,Conservative,7039.93,0.0,0.0,11200.0,1390.4,0.0,19630.33
Fabian Hamilton,Labour,14051.46,0.0,0.0,2065.29,41.05,0.0,16157.8
Stephen Hammond,Conservative,3731.96,0.0,0.0,0.0,136.3,0.0,3868.26
Matthew Hancock,Conservative,9295.21,0.0,0.0,10382.33,226.5,0.0,19904.04
Greg Hands,Conservative,4585.89,0.0,0.0,0.0,0.0,0.0,4585.89
Claire Hanna,Social Democratic & Labour Party,5980.81,469.0,0.0,0.0,175.0,0.0,6624.81
Neale Hanvey,Scottish National Party,6489.46,0.0,0.0,15386.62,17.1,0.0,21893.18
Emma Hardy,Labour,8757.24,0.0,0.0,9207.32,1386.7,0.0,19351.26
Harriet Harman,Labour,8359.77,0.0,0.0,0.0,0.0,0.0,8359.77
Mark Harper,Conservative,6361.59,3056.0,0.0,3896.74,1306.7,0.0,14621.03
Carolyn Harris,Labour,11667.9,3300.0,0.0,8616.89,1282.5,0.0,24867.29
Rebecca Harris,Conservative,9752.46,0.0,0.0,0.0,0.0,0.0,9752.46
Trudy Harrison,Conservative,6054.5,0.0,0.0,6987.82,1648.83,0.0,14691.15
Sally-Ann Hart,Conservative,12691.11,0.0,0.0,0.0,0.0,0.0,12691.11
Simon Hart,Conservative,3633.52,3050.0,0.0,8571.32,0.0,0.0,15254.84
Helen Hayes,Labour,6630.19,0.0,0.0,0.0,0.0,0.0,6630.19
John Hayes,Conservative,6148.24,0.0,0.0,9232.0,1290.7,0.0,16670.94
Chris Hazzard,Sinn Féin,2037.76,0.0,0.0,0.0,0.0,0.0,2037.76
Oliver Heald,Conservative,7369.05,3047.0,0.0,3713.83,0.0,0.0,14129.88
John Healey,Labour,18950.94,3600.0,0.0,6175.27,1707.5,950.0,31383.71
James Heappey,Conservative,4417.14,3050.0,0.0,5691.1,1609.05,0.0,14767.29
Chris Heaton-Harris,Conservative,7882.88,3547.0,0.0,8601.64,293.73,0.0,20325.25
Gordon Henderson,Conservative,2171.59,3050.0,0.0,0.0,1224.3,0.0,6445.89
Mark Hendrick,Labour,11861.04,0.0,0.0,1552.17,2228.69,0.0,15641.9
Drew Hendry,Scottish National Party,6993.77,5107.99,0.0,11790.21,2202.01,0.0,26093.98
Darren Henry,Conservative,19269.05,71.09,0.0,8447.49,585.01,0.0,28372.64
Antony Higginbotham,Conservative,6839.2,5382.6,0.0,6430.64,955.8,0.0,19608.24
Mike Hill,Labour,5007.48,0.0,0.0,6708.99,1650.0,0.0,13366.47
Meg Hillier,Labour,894.29,0.0,0.0,0.0,0.0,0.0,894.29
Damian Hinds,Conservative,874.68,3047.0,0.0,10400.0,387.12,0.0,14708.8
Simon Hoare,Conservative,5114.63,0.0,0.0,11777.86,223.37,0.0,17115.86
Wera Hobhouse,Liberal Democrat,10628.05,0.0,0.0,7103.79,510.51,780.0,19022.35
Margaret Hodge,Labour,11476.43,0.0,0.0,0.0,0.0,0.0,11476.43
Sharon Hodgson,Labour,8615.28,0.0,0.0,6166.81,36.55,0.0,14818.64
Richard Holden,Conservative,12342.11,877.2,0.0,0.0,4923.94,0.0,18143.25
Kate Hollern,Labour,8132.55,3600.0,0.0,7280.0,512.26,0.0,19524.81
Kevin Hollinrake,Conservative,4864.33,7088.0,0.0,11700.0,2764.29,0.0,26416.62
Philip Hollobone,Conservative,289.56,0.0,0.0,2609.35,599.0,0.0,3497.91
Adam Holloway,Conservative,5784.35,6385.75,0.0,0.0,0.0,0.0,12170.1
Paul Holmes,Conservative,7056.34,0.0,0.0,2583.35,1322.17,0.0,10961.86
Rachel Hopkins,Labour,496.97,0.0,0.0,0.0,962.15,0.0,1459.12
Stewart Hosie,Scottish National Party,2317.29,0.0,0.0,6514.24,1869.0,0.0,10700.53
George Howarth,Labour,4440.64,0.0,0.0,875.0,321.2,0.0,5636.84
John Howell,Conservative,4996.63,0.0,0.0,5166.78,112.73,0.0,10276.14
Paul Howell,Conservative,3900.56,3049.0,0.0,10462.5,2669.18,0.0,20081.24
Lindsay Hoyle,Speaker,5864.04,0.0,0.0,0.0,2175.24,0.0,8039.28
Nigel Huddleston,Conservative,4950.78,0.0,0.0,8813.48,1215.69,0.0,14979.95
Neil Hudson,Conservative,7158.99,3052.0,0.0,3659.0,146.1,0.0,14016.09
Eddie Hughes,Conservative,3802.8,3488.6,0.0,2450.0,2721.03,0.0,12462.43
Jane Hunt,Conservative,7568.51,3049.0,0.0,5444.49,647.65,0.0,16709.65
Jeremy Hunt,Conservative,6527.62,34.94,0.0,0.0,540.0,0.0,7102.56
Tom Hunt,Conservative,5616.6,7308.0,0.0,5970.65,788.08,0.0,19683.33
Rupa Huq,Labour,5443.43,0.0,0.0,0.0,0.0,0.0,5443.43
Imran Hussain,Labour,13555.42,0.0,0.0,14267.24,0.0,0.0,27822.66
Alister Jack,Conservative,4634.25,3050.0,0.0,592.84,1941.5,0.0,10218.59
Christine Jardine,Liberal Democrat,7295.66,5575.0,0.0,7614.84,1191.91,0.0,21677.41
Dan Jarvis,Labour,6159.22,0.0,0.0,10591.77,471.78,0.0,17222.77
Sajid Javid,Conservative,5992.23,0.0,0.0,0.0,225.0,0.0,6217.23
Ranil Jayawardena,Conservative,5443.36,3519.29,0.0,0.0,998.51,1073.67,11034.83
Bernard Jenkin,Conservative,6994.34,0.0,0.0,7640.0,549.18,0.0,15183.52
Mark Jenkinson,Conservative,17370.56,4059.0,0.0,11167.15,2567.45,0.0,35164.16
Andrea Jenkyns,Conservative,8293.38,2000.0,0.0,2847.34,264.7,0.0,13405.42
Robert Jenrick,Conservative,3514.34,3050.0,0.0,8000.0,0.0,0.0,14564.34
Boris Johnson,Conservative,3047.0,0.0,0.0,0.0,0.0,0.0,3047.0
Diana Johnson,Labour,9133.21,3360.0,0.0,3606.43,70.96,0.0,16170.6
Caroline Johnson,Conservative,4593.27,3047.0,0.0,8284.76,316.83,0.0,16241.86
Gareth Johnson,Conservative,8251.08,3047.0,0.0,0.0,362.15,0.0,11660.23
Kim Johnson,Labour,7363.84,3300.0,0.0,4899.98,1365.6,0.0,16929.42
David Johnston,Conservative,4083.95,0.0,0.0,3975.0,95.45,0.0,8154.4
Andrew Jones,Conservative,3120.93,3047.0,0.0,54.0,1612.15,0.0,7834.08
Darren Jones,Labour,8782.42,3888.0,0.0,11874.76,533.55,0.0,25078.73
Fay Jones,Conservative,8051.29,3049.0,0.0,5655.0,1429.3,0.0,18184.59
Gerald Jones,Labour,4809.62,0.0,0.0,7280.0,1129.0,0.0,13218.62
David Jones,Conservative,8756.11,2000.0,0.0,8145.51,1213.55,0.0,20115.17
Kevan Jones,Labour,8997.19,0.0,0.0,6330.8,2167.8,0.0,17495.79
Marcus Jones,Conservative,3465.41,3065.0,0.0,9409.84,1121.45,0.0,17061.7
Ruth Jones,Labour,9594.67,438.6,0.0,4974.31,461.9,0.0,15469.48
Sarah Jones,Labour,8503.42,0.0,0.0,0.0,0.0,0.0,8503.42
Simon Jupp,Conservative,3620.74,3487.6,0.0,6169.52,1318.4,0.0,14596.26
Mike Kane,Labour,3568.36,3600.0,0.0,4712.49,1490.98,0.0,13371.83
Daniel Kawczynski,Conservative,9519.13,1150.0,0.0,9600.0,985.87,0.0,21255.0
Alicia Kearns,Conservative,27825.72,3500.0,0.0,5406.03,103.5,0.0,36835.25
Gillian Keegan,Conservative,7882.97,187.5,0.0,0.0,721.17,0.0,8791.64
Barbara Keeley,Labour,5597.39,4081.75,0.0,0.0,0.0,0.0,9679.14
Liz Kendall,Labour,7899.02,69.91,0.0,0.0,0.0,0.0,7968.93
Afzal Khan,Labour,4376.91,0.0,0.0,5940.99,209.9,0.0,10527.8
Stephen Kinnock,Labour,4894.6,3600.0,0.0,7616.0,165.34,0.0,16275.94
Julian Knight,Conservative,12122.1,0.0,0.0,6598.08,1939.63,0.0,20659.81
Greg Knight,Conservative,6798.85,0.0,0.0,1464.12,801.45,0.0,9064.42
Danny Kruger,Conservative,7827.77,3049.0,0.0,11226.21,-132.5,0.0,21970.48
Kwasi Kwarteng,Conservative,3300.0,3047.0,0.0,0.0,0.0,0.0,6347.0
Peter Kyle,Labour,11101.87,3359.04,0.0,5200.0,274.3,0.0,19935.21
Eleanor Laing,Conservative,5075.27,0.0,0.0,0.0,0.0,0.0,5075.27
Ben Lake,Plaid Cymru,7288.81,0.0,0.0,0.0,0.0,0.0,7288.81
David Lammy,Labour,9033.14,0.0,0.0,0.0,114.99,0.0,9148.13
John Lamont,Conservative,8370.2,3047.0,0.0,6968.17,2115.08,0.0,20500.45
Robert Largan,Conservative,14542.95,5000.01,0.0,5730.0,393.75,0.0,25666.71
Pauline Latham,Conservative,4721.07,6865.0,0.0,0.0,63.0,0.0,11649.07
Ian Lavery,Labour,4039.88,0.0,0.0,5139.71,80.0,0.0,9259.59
Chris Law,Scottish National Party,7137.94,5550.0,0.0,6392.13,667.8,0.0,19747.87
Andrea Leadsom,Conservative,17208.0,0.0,0.0,0.0,660.51,0.0,17868.51
Edward Leigh,Conservative,4454.61,0.0,0.0,1919.72,1275.84,0.0,7650.17
Ian Levy,Conservative,11701.57,0.0,0.0,9587.5,4461.34,0.0,25750.41
Emma Lewell-Buck,Labour,2847.63,3600.0,0.0,5963.4,2083.0,0.0,14494.03
Andrew Lewer,Conservative,18149.2,0.0,0.0,8336.0,1163.4,0.0,27648.6
Brandon Lewis,Conservative,9394.81,0.0,0.0,7800.0,0.0,0.0,17194.81
Clive Lewis,Labour,6500.93,0.0,0.0,7752.15,502.75,0.0,14755.83
Julian Lewis,Independent,6376.31,0.0,0.0,4936.4,323.27,0.0,11635.98
Ian Liddell-Grainger,Conservative,5836.77,3047.0,0.0,5213.25,55.2,0.0,14152.22
David Linden,Scottish National Party,3840.22,5550.0,0.0,8617.39,2483.78,0.0,20491.39
Tony Lloyd,Labour,12135.65,0.0,0.0,7666.85,270.5,0.0,20073.0
Carla Lockhart,Democratic Unionist Party,12541.92,0.0,0.0,8668.32,175.0,0.0,21385.24
Chris Loder,Conservative,11196.92,0.0,470.0,2680.7,2104.41,0.0,16452.03
Mark Logan,Conservative,5425.26,2540.0,0.0,10424.07,893.64,0.0,19282.97
Rebecca Long Bailey,Labour,4693.2,0.0,0.0,4694.72,1175.3,0.0,10563.22
Marco Longhi,Conservative,10106.12,3049.0,0.0,0.0,5107.46,0.0,18262.58
Julia Lopez,Conservative,4417.66,3050.0,0.0,0.0,0.0,0.0,7467.66
Jack Lopresti,Conservative,5589.86,0.0,0.0,2739.34,1001.65,0.0,9330.85
Jonathan Lord,Conservative,7830.73,3047.0,0.0,0.0,0.0,0.0,10877.73
Tim Loughton,Conservative,7364.86,1236.0,0.0,3736.95,352.61,0.0,12690.42
Caroline Lucas,Green Party,6071.32,0.0,0.0,0.0,0.0,0.0,6071.32
Holly Lynch,Labour,8211.74,0.0,0.0,7730.14,566.67,0.0,16508.55
Kenny MacAskill,Scottish National Party,6709.29,5550.0,0.0,5135.01,47.35,0.0,17441.65
Craig Mackinlay,Conservative,7018.84,5050.0,0.0,2638.13,594.95,0.0,15301.92
Cherilyn Mackrory,Conservative,8321.05,0.0,0.0,10205.77,1286.26,0.0,19813.08
Rachel Maclean,Conservative,6435.83,0.0,0.0,5250.0,1221.0,0.0,12906.83
Angus MacNeil,Scottish National Party,3502.88,10850.0,0.0,800.0,834.8,0.0,15987.68
Justin Madders,Labour,7457.95,0.0,0.0,7559.88,1413.65,0.0,16431.48
Khalid Mahmood,Labour,9932.55,9000.0,0.0,5150.01,665.1,0.0,24747.66
Shabana Mahmood,Labour,5548.98,10532.0,0.0,5428.59,302.44,0.0,21812.01
Alan Mak,Conservative,17433.96,3047.0,0.0,2560.0,175.5,0.0,23216.46
Seema Malhotra,Labour,8555.92,3600.0,0.0,0.0,0.0,0.0,12155.92
Kit Malthouse,Conservative,7439.43,0.0,0.0,6000.0,0.0,0.0,13439.43
Anthony Mangnall,Conservative,16979.3,0.0,0.0,4822.08,1645.61,0.0,23446.99
Scott Mann,Conservative,7195.94,0.0,0.0,7332.06,2170.9,0.0,16698.9
Julie Marson,Conservative,16052.03,0.0,0.0,0.0,30.45,0.0,16082.48
Rachael Maskell,Labour,5238.55,0.0,0.0,0.0,0.0,0.0,5238.55
Paul Maskey,Sinn Féin,8217.98,0.0,0.0,0.0,0.0,0.0,8217.98
Chris Matheson,Labour,3022.21,3600.0,0.0,582.96,2242.87,0.0,9448.04
Theresa May,Conservative,4417.0,0.0,0.0,0.0,0.0,0.0,4417.0
Jerome Mayhew,Conservative,637.07,3058.0,0.0,635.12,46.5,0.0,4376.69
Paul Maynard,Conservative,7323.41,0.0,0.0,5387.19,1423.4,0.0,14134.0
Stephen McCabe,Labour,6186.61,0.0,0.0,1790.15,793.0,0.0,8769.76
Kerry McCarthy,Labour,9046.26,3000.0,0.0,4875.0,619.36,0.0,17540.62
Jason McCartney,Conservative,4781.43,3049.0,0.0,0.0,1619.8,0.0,9450.23
Karl McCartney,Conservative,8288.62,20210.0,0.0,8000.0,205.2,0.0,36703.82
Siobhain McDonagh,Labour,5209.79,5000.0,0.0,0.0,0.0,0.0,10209.79
Andy McDonald,Labour,10685.78,0.0,0.0,5460.0,386.2,0.0,16531.98
Stewart McDonald,Scottish National Party,1924.99,0.0,0.0,4713.67,1236.18,0.0,7874.84
Stuart McDonald,Scottish National Party,2150.98,0.0,0.0,5802.0,582.4,0.0,8535.38
John McDonnell,Labour,7735.81,0.0,0.0,0.0,0.0,0.0,7735.81
Pat McFadden,Labour,5048.65,0.0,0.0,3662.6,761.78,0.0,9473.03
Conor McGinn,Labour,3006.21,5850.0,0.0,13562.67,1023.7,0.0,23442.58
Alison McGovern,Labour,3006.13,0.0,0.0,4522.62,3553.8,209.99,11292.54
Catherine McKinnell,Labour,6998.28,0.0,0.0,7800.52,1001.75,0.0,15800.55
Anne McLaughlin,Scottish National Party,11976.79,8050.0,0.0,497.2,471.4,0.0,20995.39
Jim McMahon,Labour,7556.94,0.0,0.0,8766.86,749.3,0.0,17073.1
Anna McMorrin,Labour,5576.51,510.0,0.0,6517.69,1355.5,104.49,14064.19
John McNally,Scottish National Party,4428.92,5550.0,0.0,6997.2,0.0,0.0,16976.12
Stephen McPartland,Conservative,6506.36,3047.0,0.0,0.0,0.0,0.0,9553.36
Esther McVey,Conservative,4712.87,3047.0,0.0,5231.71,830.1,0.0,13821.68
Ian Mearns,Labour,7856.97,0.0,0.0,3055.52,1536.29,0.0,12448.78
Mark Menzies,Conservative,4785.23,0.0,0.0,5160.53,0.0,0.0,9945.76
Johnny Mercer,Conservative,20549.01,300.0,0.0,11269.64,1178.03,0.0,33296.68
Huw Merriman,Conservative,4871.21,3058.0,0.0,0.0,1860.14,0.0,9789.35
Stephen Metcalfe,Conservative,9725.3,0.0,0.0,0.0,0.0,0.0,9725.3
Edward Miliband,Labour,8115.7,0.0,0.0,2085.77,222.0,0.0,10423.47
Robin Millar,Conservative,6871.25,5049.0,0.0,3740.23,1553.75,1830.0,19044.23
Maria Miller,Conservative,6408.59,0.0,0.0,0.0,1017.35,0.0,7425.94
Amanda Milling,Conservative,6088.18,0.0,0.0,5135.01,240.3,0.0,11463.49
Nigel Mills,Conservative,3640.62,3050.0,0.0,0.0,52.41,0.0,6743.03
Navendu Mishra,Labour,3843.66,0.0,0.0,5525.01,475.75,0.0,9844.42
Andrew Mitchell,Conservative,10642.26,3047.0,0.0,1012.47,1142.55,0.0,15844.28
Gagan Mohindra,Conservative,8385.82,0.0,0.0,0.0,0.0,0.0,8385.82
Francie Molloy,Sinn Féin,18620.75,0.0,0.0,0.0,0.0,0.0,18620.75
Carol Monaghan,Scottish National Party,6005.86,0.0,0.0,700.0,30.15,0.0,6736.01
Damien Moore,Conservative,6704.18,4487.0,0.0,4875.0,1713.24,0.0,17779.42
Robbie Moore,Conservative,14173.53,0.0,0.0,1441.4,3342.1,0.0,18957.03
Layla Moran,Liberal Democrat,9790.0,0.0,0.0,3649.56,0.0,0.0,13439.56
Penny Mordaunt,Conservative,9791.09,0.0,0.0,6980.0,0.0,0.0,16771.09
Jessica Morden,Labour,5210.17,0.0,0.0,4737.05,547.27,0.0,10494.49
Stephen Morgan,Labour,13892.28,900.0,0.0,9214.39,0.0,0.0,24006.67
Anne Morris,Conservative,8380.08,5047.0,0.0,7670.0,1189.0,0.0,22286.08
David Morris,Conservative,3773.35,3047.0,0.0,5726.6,0.0,0.0,12546.95
Grahame Morris,Labour,5705.5,0.0,0.0,6371.83,309.0,0.0,12386.33
James Morris,Conservative,3580.75,3047.0,0.0,5211.7,270.0,0.0,12109.45
Joy Morrissey,Conservative,16705.73,3049.0,0.0,0.0,2.5,0.0,19757.23
Wendy Morton,Conservative,7422.34,0.0,0.0,5383.31,300.6,0.0,13106.25
Kieran Mullan,Conservative,167.49,3049.0,0.0,0.0,10.8,0.0,3227.29
Holly Mumby-Croft,Conservative,10998.33,4633.0,0.0,9488.12,972.5,0.0,26091.95
David Mundell,Conservative,12607.68,0.0,0.0,6337.23,2427.23,0.0,21372.14
Ian Murray,Labour,6993.87,6450.0,0.0,6799.88,1061.61,0.0,21305.36
James Murray,Labour,3327.55,888.6,0.0,0.0,0.0,0.0,4216.15
Sheryll Murray,Conservative,4659.14,2000.0,0.0,7593.73,2707.5,0.0,16960.37
Andrew Murrison,Conservative,4583.9,3065.0,0.0,1817.66,923.2,0.0,10389.76
Lisa Nandy,Labour,5929.84,0.0,0.0,5793.1,1275.0,0.0,12997.94
Bob Neill,Conservative,4108.98,0.0,0.0,0.0,173.0,0.0,4281.98
Gavin Newlands,Scottish National Party,3021.05,2775.0,0.0,11458.58,1622.46,0.0,18877.09
Charlotte Nichols,Labour,2175.94,3900.0,0.0,3890.32,61.2,0.0,10027.46
Lia Nici,Conservative,5835.08,3049.0,0.0,9087.38,729.17,0.0,18700.63
John Nicolson,Scottish National Party,10246.77,0.0,0.0,1907.7,590.94,0.0,12745.41
Caroline Nokes,Conservative,6353.1,3047.0,0.0,1225.0,1695.32,0.0,12320.42
Jesse Norman,Conservative,4060.66,6296.66,0.0,0.0,0.0,0.0,10357.32
Alex Norris,Labour,5638.42,2970.0,0.0,6582.45,0.0,0.0,15190.87
Neil O'Brien,Conservative,7709.92,0.0,0.0,8927.03,766.64,0.0,17403.59
Matthew Offord,Conservative,17986.11,0.0,0.0,0.0,360.0,0.0,18346.11
Brendan O'Hara,Scottish National Party,5869.52,5550.0,0.0,9592.11,1323.69,0.0,22335.32
Sarah Olney,Liberal Democrat,9077.96,0.0,0.0,0.0,0.0,0.0,9077.96
Chinyelu Onwurah,Labour,5308.62,0.0,0.0,5401.64,513.4,0.0,11223.66
Guy Opperman,Conservative,11067.64,0.0,0.0,2112.12,627.36,0.0,13807.12
Abena Oppong-Asare,Labour,8996.17,0.0,0.0,0.0,0.0,0.0,8996.17
Kate Osamor,Labour,4144.64,0.0,0.0,0.0,0.0,0.0,4144.64
Kate Osborne,Labour,1391.53,0.0,0.0,7763.98,278.3,0.0,9433.81
Kirsten Oswald,Scottish National Party,4311.57,0.0,0.0,7280.0,0.0,0.0,11591.57
Taiwo Owatemi,Labour,2666.41,5150.0,0.0,1900.0,1435.5,0.0,11151.91
Sarah Owen,Labour,7576.27,0.0,0.0,0.0,0.0,0.0,7576.27
Ian Paisley,Democratic Unionist Party,9467.94,0.0,0.0,7876.32,0.0,0.0,17344.26
Neil Parish,Conservative,4013.72,0.0,0.0,7580.0,2035.3,0.0,13629.02
Priti Patel,Conservative,1979.0,0.0,0.0,6500.01,0.0,0.0,8479.01
Owen Paterson,Conservative,9770.07,0.0,0.0,1786.85,39.7,0.0,11596.62
Mark Pawsey,Conservative,8740.25,3047.0,0.0,7550.8,698.85,0.0,20036.9
Stephanie Peacock,Labour,7773.12,0.0,0.0,5505.47,501.4,0.0,13779.99
Mike Penning,Conservative,5665.54,9633.0,0.0,0.0,261.0,0.0,15559.54
Matthew Pennycook,Labour,1570.96,0.0,0.0,0.0,0.0,0.0,1570.96
John Penrose,Conservative,4826.78,0.0,0.0,0.0,566.2,0.0,5392.98
Andrew Percy,Conservative,10143.87,0.0,0.0,6826.34,1426.55,0.0,18396.76
Toby Perkins,Labour,2782.53,0.0,0.0,7056.42,980.7,0.0,10819.65
Jess Phillips,Labour,3159.47,1080.0,0.0,9758.17,1203.9,0.0,15201.54
Bridget Phillipson,Labour,6761.56,1950.0,0.0,3079.21,1257.29,0.0,13048.06
Chris Philp,Conservative,4128.92,0.0,0.0,0.0,0.0,0.0,4128.92
Chris Pincher,Conservative,10239.19,0.0,0.0,4240.0,1887.59,0.0,16366.78
Luke Pollard,Labour,8709.65,4137.34,0.0,7572.08,859.3,0.0,21278.37
Daniel Poulter,Conservative,6111.69,3047.0,0.0,3262.62,1887.87,0.0,14309.18
Rebecca Pow,Conservative,3790.31,3047.0,0.0,4754.38,357.6,0.0,11949.29
Lucy Powell,Labour,7449.07,5000.0,0.0,0.0,798.6,0.0,13247.67
Victoria Prentis,Conservative,6076.83,0.0,0.0,7838.1,7272.81,0.0,21187.74
Mark Pritchard,Conservative,7703.64,0.0,0.0,12367.15,1229.7,0.0,21300.49
Tom Pursglove,Conservative,4247.49,5055.0,0.0,8536.96,624.35,0.0,18463.8
Jeremy Quin,Conservative,2176.3,3047.0,0.0,0.0,0.0,0.0,5223.3
Will Quince,Conservative,2212.2,3047.0,0.0,1225.0,1191.9,0.0,7676.1
Yasmin Qureshi,Labour,8413.47,3600.0,0.0,5551.57,56.0,0.0,17621.04
Dominic Raab,Conservative,4242.31,0.0,0.0,0.0,0.0,0.0,4242.31
Tom Randall,Conservative,1563.27,3049.0,0.0,700.0,2355.65,0.0,7667.92
Angela Rayner,Labour,12692.83,0.0,0.0,4820.54,1418.5,348.0,19279.87
John Redwood,Conservative,893.94,0.0,0.0,1127.07,0.0,0.0,2021.01
Steve Reed,Labour,5941.63,0.0,0.0,0.0,167.5,0.0,6109.13
Christina Rees,Labour,7722.91,5115.0,0.0,1575.0,178.95,0.0,14591.86
Jacob Rees-Mogg,Conservative,2099.45,0.0,0.0,0.0,0.0,0.0,2099.45
Ellie Reeves,Labour,11756.59,438.6,0.0,0.0,30.0,0.0,12225.19
Rachel Reeves,Labour,9961.4,0.0,0.0,5262.27,157.3,0.0,15380.97
Jonathan Reynolds,Labour,8814.35,0.0,0.0,9424.98,905.4,0.0,19144.73
Bell Ribeiro-Addy,Labour,19261.02,0.0,0.0,0.0,84.8,0.0,19345.82
Nicola Richards,Conservative,17730.17,0.0,0.0,5586.72,560.39,0.0,23877.28
Angela Richardson,Conservative,5512.3,3049.0,0.0,7626.64,0.0,0.0,16187.94
Marie Rimmer,Labour,2016.61,0.0,0.0,0.0,88.45,0.0,2105.06
Rob Roberts,Conservative,11944.37,1110.0,0.0,5499.3,471.15,0.0,19024.82
Laurence Robertson,Conservative,6248.63,0.0,0.0,5067.2,873.03,0.0,12188.86
Gavin Robinson,Democratic Unionist Party,4533.95,0.0,0.0,8798.3,0.0,0.0,13332.25
Mary Robinson,Conservative,3004.44,3047.0,0.0,5572.53,673.31,0.0,12297.28
Matt Rodda,Labour,6211.28,10961.0,0.0,0.0,0.0,0.0,17172.28
Andrew Rosindell,Conservative,1849.64,3047.0,0.0,0.0,51.7,0.0,4948.34
Douglas Ross,Conservative,8174.54,3047.0,0.0,5062.31,2639.49,0.0,18923.34
Lee Rowley,Conservative,6016.38,0.0,0.0,1835.32,880.0,0.0,8731.7
Dean Russell,Conservative,8577.01,3744.0,0.0,0.0,0.0,0.0,12321.01
Lloyd Russell-Moyle,Labour,12313.44,0.0,0.0,0.0,340.42,0.0,12653.86
David Rutley,Conservative,5182.55,0.0,0.0,5494.03,2814.54,0.0,13491.12
Gary Sambrook,Conservative,8651.24,3391.0,0.0,4676.49,924.3,0.0,17643.03
Liz Saville-Roberts,Plaid Cymru,8783.82,0.0,0.0,5279.62,1881.92,0.0,15945.36
Selaine Saxby,Conservative,8566.66,0.0,0.0,8101.38,1515.05,0.0,18183.09
Paul Scully,Conservative,9776.76,3047.0,0.0,0.0,0.0,0.0,12823.76
Bob Seely,Conservative,6347.97,0.0,0.0,3769.47,1778.14,0.0,11895.58
Andrew Selous,Conservative,5512.36,0.0,0.0,148.75,1070.73,0.0,6731.84
Naseem Shah,Labour,6148.6,0.0,0.0,14142.07,346.55,0.0,20637.22
Jim Shannon,Democratic Unionist Party,6436.63,0.0,0.0,0.0,2100.0,0.0,8536.63
Grant Shapps,Conservative,11885.27,0.0,0.0,0.0,117.81,0.0,12003.08
Alok Sharma,Conservative,8126.58,0.0,0.0,0.0,2.34,0.0,8128.92
Virendra Sharma,Labour,14995.59,3600.0,0.0,0.0,0.0,0.0,18595.59
Barry Sheerman,Labour,5680.83,210.0,0.0,4839.3,32.4,0.0,10762.53
Alec Shelbrooke,Conservative,706.49,0.0,0.0,6441.17,1158.0,0.0,8305.66
Tommy Sheppard,Scottish National Party,6270.72,0.0,0.0,7279.29,0.0,0.0,13550.01
Tulip Siddiq,Labour,3093.76,0.0,0.0,0.0,355.4,0.0,3449.16
David Simmonds,Conservative,5245.65,0.0,0.0,0.0,8.55,0.0,5254.2
Chris Skidmore,Conservative,4728.52,3065.0,0.0,3240.65,328.4,0.0,11362.57
Andy Slaughter,Labour,1666.38,0.0,0.0,0.0,110.0,0.0,1776.38
Alyn Smith,Scottish National Party,9663.68,5550.0,0.0,0.0,833.06,0.0,16046.74
Cat Smith,Labour,3982.66,0.0,0.0,5522.24,627.15,0.0,10132.05
Chloe Smith,Conservative,5163.64,3047.0,0.0,6974.96,107.95,0.0,15293.55
Greg Smith,Conservative,1461.34,5049.0,0.0,175.0,1251.06,0.0,7936.4
Henry Smith,Conservative,5587.98,0.0,0.0,5929.92,1119.0,0.0,12636.9
Jeff Smith,Labour,8709.18,0.0,0.0,3000.0,956.4,0.0,12665.58
Julian Smith,Conservative,8516.61,0.0,0.0,0.0,212.86,0.0,8729.47
Nick Smith,Labour,9861.24,0.0,0.0,2495.43,2052.0,0.0,14408.67
Royston Smith,Conservative,4781.7,0.0,0.0,4937.99,371.65,0.0,10091.34
Karin Smyth,Labour,8152.85,825.0,0.0,6983.21,198.22,0.0,16159.28
Alex Sobel,Labour,4770.0,0.0,0.0,5952.78,1335.0,0.0,12057.78
Amanda Solloway,Conservative,9309.47,0.0,0.0,0.0,623.41,0.0,9932.88
John Spellar,Labour,8056.3,0.0,0.0,1606.14,0.0,0.0,9662.44
Ben Spencer,Conservative,3972.11,438.6,0.0,0.0,0.0,0.0,4410.71
Mark Spencer,Conservative,7760.34,0.0,0.0,329.4,1631.1,0.0,9720.84
Alexander Stafford,Conservative,9890.91,3049.0,0.0,5111.97,594.39,89.76,18736.03
Keir Starmer,Labour,9606.74,0.0,0.0,0.0,0.0,0.0,9606.74
Chris Stephens,Scottish National Party,4755.8,0.0,0.0,5350.72,1132.96,0.0,11239.48
Andrew Stephenson,Conservative,6796.86,3047.0,0.0,3607.27,1260.45,0.0,14711.58
Jo Stevens,Labour,6143.01,0.0,0.0,2235.83,469.35,0.0,8848.19
Jane Stevenson,Conservative,14433.45,3080.94,0.0,6933.32,1192.84,0.0,25640.55
John Stevenson,Conservative,7534.28,4247.0,0.0,0.0,3414.0,0.0,15195.28
Bob Stewart,Conservative,11094.26,0.0,0.0,0.0,0.0,0.0,11094.26
Iain Stewart,Conservative,7715.35,0.0,0.0,0.0,7459.9,0.0,15175.25
Jamie Stone,Liberal Democrat,10469.82,0.0,0.0,7165.08,1585.4,0.0,19220.3
Gary Streeter,Conservative,6733.78,0.0,0.0,3245.53,815.7,0.0,10795.01
Wes Streeting,Labour,9610.42,900.0,0.0,0.0,0.0,0.0,10510.42
Mel Stride,Conservative,4062.68,0.0,0.0,1059.96,0.0,0.0,5122.64
Graham Stringer,Labour,4599.03,0.0,0.0,0.0,5490.1,0.0,10089.13
Graham Stuart,Conservative,8955.25,0.0,0.0,6337.22,1359.3,0.0,16651.77
Julian Sturdy,Conservative,569.42,3047.0,0.0,0.0,3921.0,0.0,7537.42
Zarah Sultana,Labour,12086.51,-2800.0,0.0,8473.32,324.1,0.0,18083.93
Rishi Sunak,Conservative,0.0,3047.0,0.0,0.0,0.0,0.0,3047.0
James Sunderland,Conservative,10737.26,3049.0,0.0,0.0,1049.93,0.0,14836.19
Desmond Swayne,Conservative,6119.3,600.0,0.0,1706.32,1317.17,0.0,9742.79
Robert Syms,Conservative,6983.76,0.0,0.0,8000.0,795.6,0.0,15779.36
Mark Tami,Labour,9162.13,0.0,0.0,7492.36,2814.7,0.0,19469.19
Sam Tarry,Labour,8245.01,594.0,0.0,0.0,0.0,0.0,8839.01
Alison Thewliss,Scottish National Party,8337.12,0.0,0.0,7800.0,1618.9,0.0,17756.02
Derek Thomas,Conservative,4844.15,0.0,0.0,0.0,404.6,0.0,5248.75
Gareth Thomas,Labour,7519.28,0.0,0.0,0.0,0.0,0.0,7519.28
Nick Thomas-Symonds,Labour,8703.27,0.0,0.0,8813.17,1508.5,0.0,19024.94
Owen Thompson,Scottish National Party,13518.81,5550.0,0.0,9365.74,2461.7,0.0,30896.25
Richard Thomson,Scottish National Party,11633.31,0.0,0.0,7920.98,676.9,0.0,20231.19
Emily Thornberry,Labour,7086.13,0.0,0.0,0.0,0.0,0.0,7086.13
Maggie Throup,Conservative,1572.28,3047.0,0.0,6385.45,917.4,0.0,11922.13
Stephen Timms,Labour,6411.45,830.0,0.0,0.0,0.0,0.0,7241.45
Edward Timpson,Conservative,18373.78,0.0,0.0,0.0,1066.42,0.0,19440.2
Kelly Tolhurst,Conservative,5851.21,0.0,0.0,2275.0,853.87,0.0,8980.08
Justin Tomlinson,Conservative,13318.69,3047.0,0.0,5755.85,403.7,0.0,22525.24
Michael Tomlinson,Conservative,5635.56,0.0,0.0,9072.34,2586.97,0.0,17294.87
Craig Tracey,Conservative,3381.98,3047.0,0.0,6128.2,926.66,0.0,13483.84
Anne-Marie Trevelyan,Conservative,7846.9,2540.0,0.0,8526.63,3802.68,0.0,22716.21
Jon Trickett,Labour,953.46,0.0,0.0,5730.0,1317.78,0.0,8001.24
Laura Trott,Conservative,3927.42,0.0,0.0,0.0,33.62,0.0,3961.04
Elizabeth Truss,Conservative,7580.73,0.0,0.0,1026.04,467.4,0.0,9074.17
Tom Tugendhat,Conservative,3292.05,3047.0,0.0,4975.07,592.18,0.0,11906.3
Karl Turner,Labour,8203.61,0.0,0.0,4899.7,405.0,0.0,13508.31
Derek Twigg,Labour,4900.28,3600.0,0.0,6434.24,834.85,0.0,15769.37
Liz Twist,Labour,11454.54,0.0,0.0,5210.78,1324.65,0.0,17989.97
Shailesh Vara,Conservative,8015.67,0.0,0.0,0.0,242.55,0.0,8258.22
Valerie Vaz,Labour,7349.65,900.0,0.0,2975.15,230.85,0.0,11455.65
Martin Vickers,Conservative,3979.99,3087.0,0.0,7544.31,0.0,0.0,14611.3
Matt Vickers,Conservative,8875.82,3169.0,0.0,5730.0,1075.16,0.0,18849.98
Theresa Villiers,Conservative,20105.85,0.0,0.0,0.0,0.0,0.0,20105.85
Christian Wakeford,Conservative,9985.41,3049.0,0.0,8598.97,2643.74,0.0,24277.12
Robin Walker,Conservative,5628.48,0.0,0.0,2700.0,648.97,0.0,8977.45
Charles Walker,Conservative,3254.86,0.0,0.0,0.0,0.0,0.0,3254.86
Ben Wallace,Conservative,3072.14,0.0,0.0,5734.91,0.0,119.0,8926.05
Jamie Wallis,Conservative,9454.29,0.0,0.0,9360.0,467.56,0.0,19281.85
David Warburton,Conservative,7999.99,0.0,0.0,10400.0,72.5,0.0,18472.49
Matt Warman,Conservative,7334.9,0.0,0.0,1276.7,1813.13,0.0,10424.73
Giles Watling,Conservative,2644.81,16797.0,0.0,875.0,1570.97,0.0,21887.78
Suzanne Webb,Conservative,7113.5,0.0,0.0,5524.98,1120.6,0.0,13759.08
Claudia Webbe,Independent,5123.56,8600.0,0.0,0.0,134.32,0.0,13857.88
Catherine West,Labour,5798.79,0.0,0.0,0.0,0.0,0.0,5798.79
Matt Western,Labour,6041.0,4.0,0.0,5355.0,642.4,0.0,12042.4
Helen Whately,Conservative,6614.57,0.0,0.0,16037.01,110.06,0.0,22761.64
Heather Wheeler,Conservative,4826.73,3047.0,0.0,7000.0,762.0,0.0,15635.73
Alan Whitehead,Labour,10785.58,0.0,0.0,6083.63,0.0,0.0,16869.21
Philippa Whitford,Scottish National Party,4510.45,0.0,0.0,7235.72,171.49,0.0,11917.66
Mick Whitley,Labour,7735.29,0.0,0.0,6728.91,606.85,0.0,15071.05
Craig Whittaker,Conservative,6135.56,3050.0,0.0,5595.05,3351.62,0.0,18132.23
John Whittingdale,Conservative,5047.29,5047.0,0.0,5730.0,804.15,0.0,16628.44
Nadia Whittome,Labour,1781.7,0.0,0.0,5460.0,0.0,0.0,7241.7
Bill Wiggin,Conservative,4539.94,0.0,0.0,673.98,1071.0,0.0,6284.92
James Wild,Conservative,5512.87,3049.0,0.0,2922.06,958.46,0.0,12442.39
Craig Williams,Conservative,14474.07,3487.6,0.0,6595.06,886.5,101.81,25545.04
Hywel Williams,Plaid Cymru,8595.36,2000.0,0.0,8024.62,660.65,0.0,19280.63
Gavin Williamson,Conservative,5428.84,3047.0,0.0,4854.24,0.0,0.0,13330.08
Munira Wilson,Liberal Democrat,8066.87,7538.26,0.0,0.0,0.0,0.0,15605.13
Sammy Wilson,Democratic Unionist Party,9899.59,5472.82,0.0,4547.86,0.0,0.0,19920.27
Beth Winter,Labour,19710.09,150.0,0.0,0.0,2211.3,0.0,22071.39
Rosie Winterton,Labour,2565.18,3600.0,0.0,2487.76,1861.85,0.0,10514.79
Pete Wishart,Scottish National Party,4614.76,5550.0,0.0,6541.08,1329.0,0.0,18034.84
William Wragg,Conservative,6883.68,3047.0,0.0,7756.68,668.0,0.0,18355.36
Jeremy Wright,Conservative,967.94,3493.6,0.0,5327.23,724.1,0.0,10512.87
Mohammad Yasin,Labour,5838.39,3600.0,0.0,0.0,0.0,0.0,9438.39
Jacob Young,Conservative,8072.8,3050.0,0.0,5850.0,596.77,0.0,17569.57
Nadhim Zahawi,Conservative,4029.85,3047.0,0.0,0.0,0.0,0.0,7076.85
Daniel Zeichner,Labour,8339.1,0.0,0.0,0.0,24.29,0.0,8363.39
